Date,UNEMP_CAN,mean_PROB_JOB_FINDING,mean_OUTFLOW_RATE,CAN_unc_h1,mean_US_unc_h1,CAN_unc_h4,mean_US_unc_h12,Nom_GDP_CAN,Real_GDP_CAN,CPI_CAN,Nom_GDP_CAN_Growth,Real_GDP_CAN_Growth,MA_GDP_7,MA_GDP_4,MA_cen_GDP_7,Real_GDP_CAN_detrend,MA_GDP_7_detrend,MA_GDP_7_Growth,MA_GDP_4_Growth,MA_cen_GDP_7_Growth,Real_GDP_CAN_detrend_Growth,MA_GDP_7_detrend_Growth,mean_EPU_CAN,CAN_unc_h2,WUICAN,mean_US_unc_h3
1982-04-01,15.2016207298626,-15.2304874238274,-16.1042963548423,1.41142770714801,-6.28423024955171,0.855803412153382,-1.90826619889759,0.912783133424682,-1.16387035102389,3.04465891085658,0.916961702749841,-1.15712357997657,0.105699384864494,-0.518054238382911,-0.550897328201602,-2.0684435911659,-0.813105040471108,0.11301630262163,-0.513035109610908,-0.545067345380074,-2.07064776888103,-0.814559636053576,NaN,0.914995227812166,0,0.966693406107293
1982-07-01,15.1399646455368,-4.55892315579644,-5.03035877805757,-1.02623770573824,-3.8559291376419,-0.840007524358953,-1.90437672957436,0.784463276841279,-0.88037821830676,2.11936482418872,0.787548251560091,-0.876514236801977,0.0100118574343639,-0.91766289429479,-0.14401679167973,-1.78088540553631,-0.904726514988782,0.0178035279404352,-0.913124811308649,-0.13604229462034,-1.78602364005766,-0.905757625085987,NaN,0.906193568542986,0.1086012,0.938451653231853
1982-10-01,6.91765093535983,3.57185764871139,4.04141521632831,-0.460558115113611,-2.96714006893734,-0.110574130982659,-3.41544092044055,1.04290504551045,-0.926910943531084,1.54580961527154,1.04836225485163,-0.92262836615193,-0.277189726744581,-0.922688362362896,0.0804242280658595,-1.82335207784818,-1.18786204625527,-0.270042382243513,-0.918104538593088,0.0891353686380672,-1.82812298375883,-1.18958874962115,NaN,0.904447215966406,0,0.903045429723489
1983-01-01,-2.60431385360252,-0.950426420458427,-1.10786123422158,-2.34535253880327,-2.89797364726981,-1.5590413413989,-3.37076970494299,2.40750509376107,1.65894411759382,0.705470297989109,2.4367194724167,1.67278100503465,-0.342327029519822,-0.499120146976293,0.428382599843417,0.76656903618918,-1.24893329611806,-0.336442143246724,-0.491979210381961,0.437222303107104,0.771301173076543,-1.25197372497558,NaN,0.8855207111023,0,0.868454342409667
1983-04-01,-1.86423508092773,4.61733477823003,5.50224606324661,-2.4993218445568,-7.67969441799063,-1.56113298094744,-3.13849953892897,3.06919969015462,1.94638015246255,1.33839646973826,3.11678520766995,1.9654456255884,-0.238737643118583,0.126832951438928,0.838316719028593,1.05807112397037,-1.14127785680436,-0.231253224009015,0.136392089538517,0.848282538415927,1.06798057927908,-1.14277002008909,NaN,0.865610703257071,0,0.814920500684158
1983-07-01,-6.09606997896847,5.13782755288054,6.02618143411173,-2.45777117556372,-4.22342008597941,-1.36725983566758,-1.96730427056097,3.11496791003901,1.11219017887993,1.60553907532989,3.16399072639994,1.11839800678787,0.0130090796402271,0.582045057419691,1.24080801508645,0.2279472033002,-0.885465081133096,0.0207627430556861,0.591496406891404,1.25291937285188,0.224947746127327,-0.886739267375601,NaN,0.8481911100028,0,0.78557318368956
1983-10-01,-3.19330471030116,-1.37983732705226,-1.5562234841449,-2.72155426721483,-4.74024049849131,-1.48441384552421,-1.79872410584624,1.91734571946563,1.25232326282935,0.906008462440184,1.93584483401716,1.26019766726927,0.226911607411296,1.00858535364691,1.43317414770062,0.372146340162078,-0.667496500449571,0.235518155966968,1.01883878770565,1.44479967612162,0.370762192257513,-0.667969068815536,NaN,0.828434182044653,0,0.75608158725474
1984-01-01,0,1.38055599544623,1.59512751677753,-1.71223797514044,1.6654586667526,-0.919989592216532,0.109671452353544,2.3898894084839,1.70566848327235,1.17681380528541,2.41867613158184,1.7202980671852,0.588043335272033,1.5351012390076,1.42075930435314,0.829557613517532,-0.302298719676378,0.597606773616866,1.54742407437308,1.4321826427741,0.834877377822218,-0.301865665516854,NaN,0.816972092381899,0.04884,0.76333489599258
1984-04-01,1.75443096509093,4.8481163228833,5.85549319382147,-1.23606706837423,-3.6224885978054,-0.413892009352681,0.0737710114606233,2.58160761110639,1.93706085409826,0.832182333749245,2.61521972132905,1.95594360424972,0.975659735912302,1.59072458630849,1.35812996576448,1.0650160372559,0.0893837338763467,0.986740171645152,1.60405659421609,1.36846213770644,1.07453770053553,0.0912825181602155,NaN,0.810639968104841,0.0445812,0.746946167790879
1984-07-01,-0.581396986542245,0.0173717550098331,0.237556857374373,-2.42263565571795,1.21307596220156,-0.989173180851636,0.998006978494052,1.21723255807137,0.419651984768052,0.825314175672077,1.22467098391477,0.420533756736186,1.13816351129665,1.28537895276959,1.244707438729,-0.448326779161852,0.255953562173154,1.14887117083742,1.29507422044565,1.25422519199103,-0.456857361329223,0.25742830300127,NaN,0.795561273254073,0,0.754492163649059
1984-10-01,-1.46845516829151,4.02253386977958,4.62455432710439,-0.506048654504613,0.592398758590568,-0.361702683764318,0.812824297902082,2.16732279623307,1.57204021416146,0.76419585877295,2.1909798357625,1.58446177160204,1.45053240600822,1.37734895982589,1.24590968424211,0.708127503144013,0.572388509797178,1.46225743805667,1.38828697340848,1.25544263940179,0.711085439185414,0.574829355869299,NaN,0.792201522333643,0,0.759449049301397
1985-01-01,-4.23023796906926,-8.96308145697282,-9.94944855891517,-0.307321368761389,0.215925986065085,-0.0579285853956013,0.246650014595845,2.23084798367859,1.50797478234199,1.13545421029255,2.25591747094907,1.51940209011478,1.43166123910174,1.42847926372842,1.21982877188952,0.648128124236997,0.557583395803155,1.44308507369168,1.44012785797759,1.22893725993685,0.650040543346943,0.559671777153099,100.404535738634,0.790740611677422,0,0.762472413281207
1985-04-01,-0.930239266231354,8.14163409246891,9.91963787502363,0.372340515952319,-0.689200363808891,0.129813889079255,-0.308691883143926,1.88624857020568,0.318232489631555,1.17585534380777,1.90415062045357,0.318739386780015,1.22814278124787,1.15099206500026,0.938810589521803,-0.537548115560982,0.358130990861736,1.23724679384064,1.15981612189655,0.945222187475484,-0.546607374339044,0.357848282950834,64.0395277120058,0.793325493133295,0,0.757824214617313
1985-07-01,-3.80998462322705,0.347492269069278,0.389775464304792,0.0109224059002809,-2.05553503653669,0.0340369159454237,-1.58544276977008,1.70536466019075,1.26073898142113,0.951884500920755,1.7199890179105,1.26871979914459,1.24671138156552,1.01572769046484,0.959842340691564,0.409024429141046,0.380765644091842,1.25603701788523,1.02237136087552,0.9663579387061,0.407387823674318,0.380653292644208,81.806892969033,0.793225228282275,0,0.743398657914332
1985-10-01,-0.64935293105512,4.18369174125871,5.07997300847737,1.15069300034606,3.75973189454161,0.286458478841596,0.887169190569444,2.14328978649746,1.52310209680422,0.786373646021445,2.1664232185952,1.53476041093058,1.28055873581238,1.23641771287207,0.753287357365187,0.675453597436598,0.418679051251157,1.29035736084289,1.2452166917144,0.758039819932652,0.677443221109087,0.418988421250655,72.0799111409195,0.799375086750823,0,0.765061595597135
1986-01-01,-3.98723912473736,0.905146864105518,1.05865348147403,1.92058323964964,7.54847403140551,0.784791113727996,2.28282732637304,0.740084663085781,-0.0300664224757838,1.29703504426277,0.742830058198715,-0.0300619029798094,1.06359187259386,0.915996385544622,0.434327808675529,-0.873648868930953,0.205778240945096,1.07156236457226,0.922311956798033,0.437822073305453,-0.883364307152517,0.204208210628813,91.6602656413546,0.810709764079614,0,0.809201594549404
1986-04-01,-2.40148762038746,1.0044928116011,1.21562381656492,0.344056878846513,-1.7754604753021,0.194507654296542,-0.704791544735027,1.00379180151458,0.566874242956374,0.821359853738841,1.00884669078232,0.5684840153505,0.892318546201125,0.727776277667499,0.714720317354249,-0.27264215058634,0.0385709674648159,0.898129915959861,0.732128341845176,0.721886921973116,-0.280803603173424,0.0347905476651943,73.6902480686216,0.812234093242368,0,0.799622383743883
1986-07-01,-0.347826437632477,-2.29189920678886,-2.69789162942295,-2.09934824260634,-2.53068118644158,-0.513533659714394,-1.3546823004592,1.20980846849875,0.126155330876827,1.16900950078019,1.21715625262483,0.126234940187903,0.855631464464722,0.689360845916553,0.71794943598947,-0.709295009753431,0.00594993864086857,0.861342563891326,0.693627452526753,0.725157378686134,-0.719037892687237,0.0020179812454426,99.0726496067949,0.801622804410339,0,0.782461768947945
1986-10-01,-1.4035318116384,-3.95394868556343,-4.56671222888632,0.855855640699812,1.00748005634286,0.409286738058685,-0.141035880805946,0.681164669107147,-0.724742058485617,1.00553888978345,0.68348987212855,-0.722122136275612,0.568533680383837,0.292264637935205,0.716161276478488,-1.55612634620342,-0.27708179252756,0.573019575406619,0.295459065442712,0.723341888836761,-1.56338018350197,-0.28229022159048,73.2343491194425,0.807729396418284,0,0.785906798503023
1987-01-01,0.352734051796944,3.29886497701887,3.98165621989776,1.15929708012437,0.986013634943968,0.889832035623182,0.338969043396368,3.43208122475221,2.2809800503826,0.945986641315471,3.49165673867272,2.30719332745366,0.665159338888913,0.443840228650879,0.903830539209723,1.45366181557725,-0.176390081110029,0.671493480073978,0.449945648747328,0.9121924694114,1.46995006587608,-0.179801531274338,59.5282620842929,0.818152930691518,0,0.791078680912557
1987-04-01,-5.05522791628317,2.12758058016436,2.55247076228887,0.295373449332916,-8.07228012010252,0.114884484056042,-2.37792224158438,2.66752965589149,1.28334281186767,1.42683847477355,2.70342670556975,1.29161299613572,0.785798129168427,0.70652207551957,1.02961825029258,0.460090629974779,-0.0516852379180588,0.793102681243441,0.714280628570433,1.03925383915899,0.458384520206928,-0.0541775444560911,74.8272094990245,0.819288033109434,0,0.742313875887853
1987-07-01,-4.93458741031557,3.56384311731148,4.33378911204658,-0.0437394178969224,-0.896246104156441,-0.287333456572226,-0.262738313587358,2.48206980863233,1.51058498022735,1.06900920842531,2.51312960417328,1.52205198198497,0.817028879019205,0.895264222973765,1.13756437192745,0.691398851246915,-0.0163884351548252,0.824769204098488,0.904994221897327,1.14774560459303,0.692838291704965,-0.0184962359522603,50.0229938709474,0.816304819227258,0,0.739185395522333
1987-10-01,-4.78178743504927,2.34620146743816,2.86690645837518,-0.865997576561777,4.37477600254072,-0.207440090149652,1.54085688450512,2.39174330605897,1.28361841664287,0.674376351543003,2.42057488653555,1.29189216104266,0.787093418999035,1.12675684012697,1.2423960260643,0.468498340574888,-0.042257842262539,0.794410672862499,1.13812566606828,1.25220304301432,0.466693256411441,-0.0448399815394661,126.701688672911,0.81141002043938,0.0507022,0.765135740371383
1988-01-01,-3.3198069409595,3.99269577126023,5.00430985570219,-0.0764260373819443,-3.5006734230469,-0.261007792885126,-0.901965643782592,2.51739477644719,1.44738822053637,0.860425958402857,2.54934873103263,1.45791360358361,0.971775249375554,1.56118289593137,1.015830265228,0.636334197380845,0.146490041026436,0.980407611182926,1.57413281404012,1.02223836650206,0.636729484601172,0.145171742429745,73.169758279592,0.809463513571109,0.0854847,0.744457924022667
1988-04-01,-2.5642430613338,-5.08461017544806,-5.98792314882709,-1.18822500466214,-5.2742566270949,-0.397945150013568,-1.57310752311131,1.65897275805605,0.881778182320886,1.2769149616534,1.67281012459326,0.885677298226218,1.01113824179612,1.28134252231903,0.994535784262325,0.074790212077819,0.189919086359456,1.02005677154239,1.28982960819464,1.00068491118118,0.0685079648925637,0.188835688437993,50.8727287526706,0.802673108534209,0,0.713785472700618
1988-07-01,1.2903404835908,0.415114345605218,0.473000957227512,-1.63245622243742,-1.06337514089238,-0.777419511897233,-0.860882329704129,1.63253290396278,0.00907952047236904,1.07502788061942,1.64593153543003,0.00907993267342921,0.996503765495561,1.02648986403997,0.833231437203429,-0.793842396858242,0.179350662971354,1.00541239560308,1.03332299550218,0.837846487275453,-0.804074615011442,0.178206098147468,67.1557383304876,0.792660828664654,0,0.703803351856177
1988-10-01,-1.2903404835908,3.27746457891442,4.11369407718085,-0.712123870640798,1.80496716198936,-0.166760481540281,0.351755614148931,1.98774048051769,0.695019724528493,0.78722332918079,2.0076275911003,0.69744059186782,1.17397398837232,0.863376812900196,0.700879372609312,-0.103836139889663,0.360886938760574,1.18285773662101,0.868400717478748,0.70440368130326,-0.111699170168267,0.35966622481418,80.8375788371965,0.789293002550849,0.0914244,0.712521241755274
1989-01-01,-2.18827112495083,-4.46259667184603,-5.31139355606355,0.939761408063605,7.65409245130287,0.312598470968137,1.34018580916893,1.86003510515229,1.13428144510794,1.23769629497349,1.87744151238689,1.14073880888955,1.03063666271299,0.833509418593212,0.463581120840835,0.339491633602245,0.221615666013698,1.0370509218005,0.838170047048125,0.465634399800303,0.335613832502243,0.21787419564245,52.5000993877078,0.794705858871967,0.1012556,0.750250935114487
1989-04-01,1.75443096509107,4.46665270544923,5.54826566015845,-0.644475357689536,0.316933420460096,-0.0673072395686612,1.1593022410942,2.0562554781186,0.381454550815079,1.71639263308867,2.07754206291149,0.382183014644885,0.917900630081419,0.620322684648954,0.471664529510105,-0.409269207778165,0.11294568629458,0.923372174114143,0.62302392926038,0.473791709027726,-0.418927176093635,0.10821023360488,71.0545545528419,0.792088872765433,0,0.758173572746946
1989-07-01,-3.99166074054426,0.849567098529747,1.06597448959766,-0.822926999308844,0.675678386272267,-0.413694475424747,-0.0173598495181583,1.38482957744509,0.357153964484041,1.42287860769756,1.39446275858774,0.357792519237311,0.773721753113506,0.515397841081585,0.41108302175121,-0.429503741196747,-0.0271671377608775,0.777839741270685,0.517446973462598,0.413332984937221,-0.439302885852425,-0.0333074135897937,63.3704794261878,0.787460080601596,0,0.761804364963968
1989-10-01,1.34833503372869,-7.1874995260842,-8.33142464236616,0.201761455230758,-0.0670422294445592,0.2129012675872,-0.959961619622221,0.308741141064957,-0.213699541842971,0.703918436725303,0.309218237397148,-0.213471366937091,0.586557008302776,0.470842028618517,0.210356853425667,-0.996291194611303,-0.210265829659151,0.589669300273216,0.472936713540494,0.212620263325477,-1.00655198637804,-0.217463068938479,69.9251490785152,0.789726056096948,0,0.759965431828643
1990-01-01,2.20759516991993,7.55663124744387,9.7428434552604,2.01427522351277,7.13264453752283,0.863049639901501,1.40759647653856,1.55789803516723,0.938362043005782,1.43636854692346,1.57009653099091,0.942778462818181,0.522928736111453,0.519510492313975,-0.0795678953042755,0.159836443149905,-0.269828048938019,0.525277407677538,0.522004287730567,-0.0776562642072709,0.153712629026012,-0.277840175885374,86.7393552416136,0.801592605324775,0.0945805,0.797294620084925
1990-04-01,0.435730536895647,-4.49862530226983,-5.33336908298737,3.06850855473009,-4.12096199440049,1.42334786994963,-0.385710474468161,0.532738051091201,-0.414991033839897,0.946243619449604,0.534159623544646,-0.414131135960104,0.360832584091355,0.209655996524407,-0.33939698861179,-1.18945058078332,-0.427858148045661,0.362801353404247,0.211030298760636,-0.336120774135772,-1.19918218410349,-0.436301444509881,134.716406020522,0.82113418666655,0.094304,0.778058756526314
1990-07-01,6.31789016215305,-4.37464591440278,-5.22611916263909,1.94370984261224,1.38944994946906,1.01406036341414,1.46284424523033,0.295699371714136,-0.710063453750308,0.979773545955766,0.296136993548239,-0.707548459414386,0.27093971231352,-0.00864760438867052,-0.323962445963031,-1.48045694778127,-0.51368496691104,0.27322280439327,-0.00691599605121797,-0.320622637122651,-1.48858472190899,-0.521865207872074,107.655253845409,0.833018983474643,0.1569612,0.792904423212886
1990-10-01,11.1869895843344,-10.5610289330093,-11.7183398835291,4.56854767240671,3.36899230618127,1.68817715602898,1.02198460548177,-0.131377793104775,-0.895191796001654,1.47278067102434,-0.131291530262984,-0.891196883839691,0.0721632722472521,-0.25911675648581,-0.27431699156773,-1.66151923712016,-0.708395354064852,0.0746431199298314,-0.256713876666618,-0.270996982414903,-1.66821836068551,-0.716430106686729,145.916478425201,0.858959038575237,0.0790264,0.812430512668397
1991-01-01,10.7183670219345,4.79010430295438,5.79684258134922,5.42757064417833,-1.6941905537829,2.29883159025013,-0.632031692360941,-0.396901244082983,-1.43734910233752,2.84145120026187,-0.396114632130063,-1.42706855485463,-0.249290546183431,-0.50384666858472,-0.382031394287878,-2.19961049054357,-1.02578311958308,-0.24633280053819,-0.499433314250125,-0.37931800942391,-2.20007524605166,-1.03339124150597,152.367848631199,0.891384065932606,0.2933627,0.798334213481345
1991-04-01,1.62605208717736,-8.73284539830667,-9.62681419455906,-4.94823169358532,-6.31536546564219,-1.93965739884058,-3.25484634912527,1.08400436637817,0.465195763025349,0.728158557126392,1.08990098096852,0.466279478329161,-0.238822894657147,-0.598479924580806,-0.31233738960129,-0.292999572268248,-1.01124941514434,-0.235820742577656,-0.594733111147929,-0.309743053799117,-0.30271242721909,-1.01886439789665,104.70790319958,0.859889104430377,0.201464,0.750416870666426
1991-07-01,0.96308930609618,5.39466202052421,6.39821192311818,-4.11023428145548,-6.03307133088756,-2.15529778731235,-2.16214681595614,0.458486775529991,0.13381863892414,0.602774579751667,0.459539434298974,0.133908216017143,-0.266739810352135,-0.488717990027999,-0.193468070728906,-0.620310643457001,-1.03510027792687,-0.263806280480177,-0.48512524075248,-0.191222380280195,-0.631068903882324,-1.04283515015039,94.1844256171828,0.832113800893022,0.0744048,0.715232361844444
1991-10-01,-0.96308930609618,-5.60585169602626,-6.33235846183177,-0.906607337493425,-1.5172008532083,-0.509281632316009,0.0132253595131816,0.272048864504086,0.184361223964743,-0.160384958197483,0.272419253230722,0.184531273755133,-0.216982214626171,-0.309833054484989,0.0109234080058676,-0.565702005503943,-0.981276629288452,-0.214055950393649,-0.306709294118576,0.0128036288224566,-0.57643106049555,-0.989070034415075,128.030979563863,0.825499913563509,0,0.71125459317503
1992-01-01,2.54790853009885,-2.15757822435245,-2.4493591118434,0.000116230943541849,0.932426984441385,-0.477856620259924,0.299028428399135,0.464734969550818,0.0728669989662194,0.400481111951308,0.465816537336073,0.0728935534134504,-0.325169095131116,-0.116221295491414,0.297301616035319,-0.673130177590011,-1.08539745688094,-0.32279156406924,-0.113891206667948,0.297943499254563,-0.684053995188449,-1.09379086244188,126.182919641937,0.823257153523761,0,0.715470939094998
1992-04-01,3.70412716803492,-1.27118375057995,-1.42834271443563,-2.64403834322246,-2.16623346938771,-0.904802456440377,-0.889305497624046,0.664819904612614,0.122021778356384,0.518239150698207,0.667034737636759,0.122096255218064,-0.258042493606581,0.195652880647367,0.321977305364076,-0.61990934528739,-1.01420480244395,-0.255763140171969,0.19594175534659,0.32275566909856,-0.630836507735052,-1.02274765289583,96.6198303031788,0.80777607807701,0.3941974,0.701132569742825
1992-07-01,4.73461205971952,-4.30302476526987,-4.81129425876137,-1.41952779463943,0.238577038017454,-0.698613550592983,-0.178945547589144,0.962967722688063,0.535548555141759,0.436422037659838,0.967619175536976,0.536985179878871,-0.102340992495073,0.209723439070649,0.432333729011556,-0.20231651558956,-0.854437248419986,-0.100196435260312,0.210082895656532,0.43368778993431,-0.211932797425461,-0.863166162335387,114.841581801421,0.79881163789292,0.0708516,0.699183104399827
1992-10-01,1.7192400540373,3.73377648559028,4.7115867580799,0.662975433404859,1.47414000989027,0.066800862547524,0.0585021355046268,0.782893069213742,0.567298353868637,0.434525668884532,0.785965690214228,0.568910538170122,0.0804702762387137,0.296419382059548,0.541498715886714,-0.166500663950226,-0.667559926773744,0.0823169924909147,0.297083360087128,0.543473151236972,-0.175992653485427,-0.676637948935377,166.28793560191,0.801157122497574,0.3029691,0.701477161694475
1993-01-01,-5.24901826213966,-9.23376078459592,-10.2664312912835,1.10703989643005,-1.11130106188769,-0.0333302341507735,-1.10465688561878,0.906058683813626,0.637925588326652,0.706994303852127,0.910175820670615,0.639964667237139,0.339879612571735,0.38713225493193,0.592625504765692,-0.0918073765797544,-0.404084537528267,0.340696145252385,0.388170038783529,0.59472887245597,-0.100923738769626,-0.414244010525122,104.731702518232,0.804669262778595,0.5843511,0.693090202509642
1993-04-01,4.39309292257263,5.38388109106387,6.24573112796639,-2.01774520757169,-4.43264298646389,-0.49997745700012,-1.51521285952646,1.5423691761373,0.9063136044565,0.195503483580353,1.55432507847925,0.910433061867392,0.395019342750629,0.553821576029986,0.784167703254103,0.180646692462549,-0.344878754436917,0.396215343194664,0.555677940474318,0.787796364456306,0.17355944150941,-0.35471002693406,94.7354539250513,0.79558968803908,0.1870557,0.673751755637371
1993-07-01,-1.7341475036487,3.93032227653168,4.71673175331599,0.00817618434592365,-3.0158689696055,0.159247332218593,-0.526680060154116,0.629654594488102,0.948516132090845,0.389864041565772,0.631641086186541,0.953028802873768,0.496856529396467,0.719120446776878,0.914911350674531,0.22691527300935,-0.238975514878623,0.498605416551742,0.721864450005458,0.919845424335073,0.22016996816457,-0.248305167928198,119.766580687413,0.796398246125994,0.3054928,0.660630908321888
1993-10-01,-1.17303397854869,-3.86973103433195,-4.44090965223925,-0.520723584716473,3.86710958972584,-0.116639504103301,1.06008199957009,1.15321962342614,0.43075452111907,0.504561520657546,1.15989483620152,0.431683601946435,0.527655691540758,0.698161639972341,1.01534338465142,-0.286780285049969,-0.204110299821876,0.529499457575655,0.700804134418971,1.02120469940513,-0.297160447113979,-0.213396341255502,107.509736119338,0.795114738497255,0.2820715,0.675947855176371
1994-01-01,-2.38817320033905,6.62444079709809,8.05299061912442,1.36849028303392,4.09058693485206,0.579877790588866,1.64263879646931,1.81378648106715,1.46281716777526,-0.543479598595752,1.83033549121734,1.47356869922041,0.701399462641888,0.877265402753665,1.02806804572002,0.749348414518673,-0.026300475808291,0.704583850801525,0.881735766629029,1.03401649886472,0.748739435808781,-0.0342971623808479,95.3878813044975,0.803413990670279,0.1148963,0.69791173508582
1994-04-01,-3.69272725922181,3.16697370202354,3.60233236091637,1.13095360834907,-4.1807371686049,0.566655355770673,-0.102570333343386,1.41413226855025,1.45075408708476,-0.350945963627566,1.42417841833882,1.46132859903024,0.867491001232935,1.03983110250529,1.03076285324378,0.741351386740633,0.143857115695212,0.871987893778048,1.04600855298765,1.03673609730687,0.740514121267396,0.137121666244458,154.510447478635,0.81071998412942,0.376425,0.683530515389914
1994-07-01,-4.81634013786228,-0.622059928251986,-0.703733052000468,-1.07807596418666,-1.26214704355243,-0.365502564442895,-0.338075643709922,2.16159949639427,1.27032259170687,0.545385068246503,2.18513130694434,1.27842546366054,0.959337755803574,1.11263289995536,0.901030007429167,0.5649859442752,0.239769923178307,0.964667929250756,1.11960703334628,0.90635974942731,0.561625771546473,0.23381648736595,131.021422908931,0.803807045851299,0.3514115,0.677381529547706
1994-10-01,-3.68550923891522,0.312275575756132,0.352968935928925,-2.04463346477327,0.693966167935537,-0.940600579295913,0.497151436531668,1.24153664895562,0.726998215806816,0.310318325051639,1.24927570980439,0.729647263454253,0.979300238545846,1.06832931669856,0.858307654594715,0.0257276212876001,0.263798458833035,0.984760019911272,1.07493072546238,0.863517065041302,0.016862356988974,0.25792336367525,94.5590189938678,0.791680992251963,0.1273723,0.681585395015866
1995-01-01,-1.37459209046347,4.59284215095084,5.56120312542402,-0.503804649676723,2.37192806613594,-0.310829239309567,0.548114981537277,1.61299344786107,0.925177257122868,1.00193516399554,1.6260724135039,0.929470250962417,1.01520669714537,1.16721386389931,0.7077588368943,0.227972715516108,0.303770970345018,1.02094821787693,1.17448805526557,0.71155194939566,0.220700130145921,0.298126347289694,161.147594799145,0.788653018116878,0.1223092,0.692815354278674
1995-04-01,-1.39375078437811,-0.779300292837036,-0.978112867757665,-2.14714280114238,0.329628377203734,-0.793326709216482,-0.322951637822069,0.590988804060771,0.0403862113885225,0.801990168333759,0.592738588204454,0.0403943677168713,0.906965773011876,0.882727672621968,0.510331848548308,-0.652752277305782,0.199596099123977,0.912193381108117,0.887853188964864,0.512617694866359,-0.664360967450841,0.193386296169662,108.968859865937,0.775801118110777,0.3932143,0.69235191171869
1995-07-01,-0.704228262541363,1.7607053798211,2.12291784368227,-2.63757567528069,-1.51988360183757,-1.26578816893321,-0.644158599705612,0.495839343696844,0.131698051277908,0.190005757334518,0.497070661248757,0.131784811244379,0.804863512910259,0.618916465460597,0.427982881740036,-0.55737438450394,0.101559891934815,0.809537882154443,0.621944431407691,0.429455878315139,-0.568955738274549,0.0947455828647721,102.587161950943,0.760171308604114,0,0.686364261323695
1995-10-01,-1.42351158218713,-4.16957031825638,-4.7669676224589,-0.886378892518189,1.7577632835861,-0.498339563699913,0.0379000356500129,0.920625793203953,0.40897544387235,0.0379578672236107,0.92487658708054,0.409812889700922,0.802141128254419,0.446647035893693,0.447020620718279,-0.276030938997042,0.102903560191431,0.806804043123754,0.448221916615769,0.448645309113067,-0.286912874169222,0.0960265294828666,224.627055164263,0.754589875140159,0.2553137,0.694855395494398
1996-01-01,2.1277398447285,0.49170718544201,0.608396767419785,-0.709991206144582,6.37671576823797,-0.252425109568546,1.43637724832727,0.418782157167243,0.0687651686628215,0.416588369943952,0.419660275015464,0.0687888173251313,0.627884628365365,0.315000426464894,0.429446291606967,-0.612175161294115,-0.0672868867851673,0.631206557886844,0.316050227389944,0.430918537840439,-0.62392216089623,-0.0755561701052597,174.622403317934,0.751769239539637,0.2682044,0.724865960000719
1996-04-01,-0.704228262541363,-0.631469843346224,-0.649194046274144,-0.0965865423348013,-6.55993361654918,-0.121074610660924,-1.3871754292255,1.02480874647654,0.693879824048963,0.790517950711205,1.03007789549495,0.696292747801996,0.53327534548589,0.268740939850113,0.610895798153446,0.0170055470044821,-0.157830116752186,0.535577076483313,0.26941472675786,0.613599038866373,0.00759655522941882,-0.167170865860007,119.426259458231,0.751293205748482,0.1423488,0.693222775120238
1996-07-01,2.4434025337282,6.6852024848742,8.15583772271723,0.600829513384537,-2.80810911282738,0.0941295831866038,-0.905437628218007,1.35552031044631,0.860262388654519,0.14986889279453,1.36474913941077,0.863973279039749,0.482017820104346,0.432716175303312,0.752553051218326,0.187454164522494,-0.205021589221275,0.483770553405715,0.434130509022436,0.756148567749358,0.179291872115955,-0.214962603288822,108.771231671366,0.754148348216925,0.1396258,0.677772755874655
1996-10-01,1.70944333593013,21.4229800541089,29.3359359329977,1.8775526669475,0.0165393872187944,0.601195619500857,0.119399807573826,1.50798622091247,0.802156953343683,0.59723955055307,1.51941370248362,0.805382852054023,0.491412662296455,0.566807955716467,0.862197420005227,0.133414782124114,-0.19156069411671,0.493237501980686,0.568850117184364,0.86666584667556,0.124716230779013,-0.201480869065067,138.614785962442,0.763946449877512,0.1332534,0.67747701051631
1997-01-01,-4.15284586965834,-2.43470956033815,-2.96477209336117,0.300366533694879,0.487783991193098,0.139997157236857,-0.0871875337912848,1.59015189462002,1.31053275721388,0.556690990465313,1.60286209096709,1.31915787489841,0.539582099807831,0.747119418384773,0.990042346949979,0.645856638906764,-0.139325203692878,0.541948454972685,0.750719114223862,0.995172872986123,0.642506039272183,-0.148755130424284,103.12523948109,0.765072739615886,0.1387347,0.679613259290225
1997-04-01,-1.42351158218713,-1.94341914176692,-2.37485482079174,1.4252083155983,-0.0765970525248451,0.520015606121468,-0.422869056817404,0.85576350203155,1.12329882273207,0.295639535360294,0.859435625311187,1.12963151342527,0.674946176225774,0.958026149198622,1.09127633763036,0.46268875733741,0.000104925637520611,0.678103098186235,0.96288765344389,1.09747379206055,0.456994463447831,-0.0085857015619502,82.7825179402165,0.772232230267943,0.0750525,0.677998978831463
1997-07-01,-4.77154730396663,-3.51958179651359,-4.19844282136235,0.745871057097334,1.33296639411289,0.430051934277278,0.013758286752085,1.45170035077126,1.17648602538065,0.257969555260047,1.46228869528092,1.18343384218434,0.805544672988617,1.05454738946496,0.976010180865679,0.519942012898453,0.13476947531282,0.80955922705373,1.06031587232036,0.981679545235074,0.51481157785568,0.126885212954329,53.6356974138523,0.776896649685825,0.0716486,0.682720340996421
1997-10-01,-1.13422766039349,-0.359717695128666,-0.339800099727023,-1.0514787875629,-0.417344203350963,-0.278395270934935,-0.00188192501410628,1.24322064023181,0.963679657276089,-0.0736377058311746,1.25098075313074,0.968338001499069,0.874882699664084,1.07523084318927,0.99085597884599,0.311201697706342,0.208173554900743,0.879374866028499,1.08118881681222,0.996652687467597,0.303730522819194,0.200715637577881,79.3441303898365,0.771162450586073,0.0872829,0.681380880280121
1998-01-01,-1.91944472561474,3.78341978036002,4.63121159849111,0.31745517171522,1.59624439044391,-0.0837358368272922,0.263293912329012,1.14410435156401,1.40251775881165,0.550965581097046,1.15067425701855,1.41239918132296,1.04160177343269,1.19530300428287,0.996710076370813,0.754105852154364,0.378958681581803,1.04732616152823,1.20259208266601,1.00258522523585,0.751806488291873,0.372681718726393,109.334314215789,0.772804662427268,0.1620746,0.689548547502387
1998-04-01,-3.149866705937,-0.433765073343011,-0.525125979993759,0.277984076111892,3.73231845058453,0.172899306652268,1.35422143920823,0.0641771654011336,0.05339929130173,0.256082086167225,0.0641977633499249,0.0534135512614408,0.961541706839284,0.943876311100439,1.09303345943457,-0.590946562443105,0.302964667900854,0.966966261960658,0.949443217938617,1.10032585206436,-0.603164356120867,0.296336604807608,96.6930502185587,0.774100638576606,0,0.711651918357113
1998-07-01,-1.61293819298845,2.23288308611768,2.804559795899,0.0704705829459405,6.46531448000765,0.157451361397245,3.08933695984639,0.390591313209598,0.906077539205853,0.109549034143811,0.391355115203825,0.910194847681682,0.967268600658201,0.900432054395196,1.0439733032658,0.265797738373474,0.312757614632227,0.9727439580409,0.905555884789899,1.05077024231694,0.257631725948158,0.306129086536633,141.322053878307,0.775525676103654,0.3976143,0.751431184311131
1998-10-01,-2.05346024417079,-6.13133036679511,-7.20540528735968,1.20405687815353,-3.43458768458227,0.205887081433268,0.270841488921766,1.54560752733528,1.35151143988764,0.182315456151457,1.55761381743198,1.3606856392762,1.0359379114762,0.935437137296594,1.1280971485592,0.715297691967722,0.385492978362678,1.04215680644367,0.941006244208271,1.13595926960123,0.712137303191458,0.379556720588189,153.623735698903,0.780571838777525,0.1590963,0.734686005354391
1999-01-01,-1.67367923555233,2.73864736034812,3.35531164624953,0.633111640901354,-0.565392532648859,0.386011342320046,-0.542755415477655,2.25483645922304,1.79756250417836,0.21834069809438,2.28045004908253,1.81381590122481,1.09681662984676,1.10221370667705,1.12729581522204,1.16541480917089,0.450437749645694,1.10398905973447,1.11010182415342,1.13514664103027,1.16928235078885,0.445403759527773,66.4511030098159,0.784836414527247,0,0.730669177132539
1999-04-01,0,6.42168340164579,8.23818854427442,-1.05788808576023,-0.815317878078314,-0.156674933501461,0.166468283083434,1.922663536345,0.83306493219925,1.08460933093903,1.94126573971535,0.836544573952404,1.06053739353015,0.988323141354567,1.3463922783678,0.204983290104238,0.418224566241548,1.06735319230036,0.994930902679307,1.35604976969587,0.196025809165231,0.412782677742447,56.5620477524571,0.781099253851493,0,0.730331390440315
1999-07-01,-5.19597389307114,-2.62788057719416,-3.19619916026182,0.0176569478525255,-1.34362922573999,-0.0605891222743729,-0.0685857912096084,2.69292077906357,1.55254657432988,0.680884192933092,2.72950757011865,1.56466119248909,1.10754496214881,1.2881525979602,1.38574727293121,0.928530985147325,0.469298187772657,1.11500661108846,1.29718043092484,1.39581772360788,0.9281572133507,0.464450882179325,52.9185847186001,0.780542142709303,0,0.722403084272477
1999-10-01,-7.37661502396085,2.17533218171008,2.72816017701867,0.903507228907863,4.09863602120848,0.404179335141763,1.00836491339413,1.90861034638078,1.39690842545156,0.356506616449622,1.92694074657204,1.40671078132627,1.16169855817074,1.38631877520934,1.33722550103594,0.776958889181457,0.527517836707046,1.16980320856686,1.39648361765375,1.34671915237072,0.774221587836661,0.523262265306508,52.258464996589,0.785716361042276,0,0.741803849336321
2000-01-01,-1.44580831752299,-3.76860235403524,-4.55206261557488,1.54636731184614,6.33732236302391,0.4279420388559,1.37456966658003,2.76640717859232,1.58707453332204,0.496983628533997,2.80502753153735,1.59973545192064,1.18476815498454,1.43343139389622,1.10486618525504,0.971191049964394,0.5546534864333,1.19322024239157,1.44429358018264,1.11205883262961,0.971261044079814,0.550694084780001,43.9912039107506,0.792663135152812,0,0.774978167147525
2000-04-01,-2.95588022415447,5.15589904354897,6.54056950349151,-1.16713263185128,5.53477840232149,-0.366608645885434,2.28714541006065,2.69739016948301,1.18156250114976,0.881373588477572,2.73409905549305,1.18857052506576,1.32578855621554,1.3102313932905,1.06132166536726,0.569745070704568,0.699739940576759,1.33511486411711,1.31924450495083,1.06821689503246,0.564110902873719,0.696603492154324,50.8105569739263,0.786738524612177,0,0.809034978046576
2000-07-01,3.44014267173321,0.89796736877372,1.2516144254538,0.111824680461929,-1.30671439605323,0.067343193196238,-0.138619909212872,2.00977764317304,1.01185903662076,0.943238434302998,2.03010965502689,1.0169956406161,1.33901124339241,1.3459902141748,0.877976090734072,0.40410765908803,0.717028680666078,1.34846496323391,1.35533471828357,0.883192442561496,0.396550804072846,0.71396837691991,47.0515128907065,0.787309258091245,0,0.804482063502567
2000-10-01,0,6.70045145368658,8.70004265249345,0.723392421588562,0.605959872707113,0.270511164811145,0.596692813889038,0.985705083131279,0.171047293712036,0.693003466466962,0.990579157187582,0.17119366303701,1.19145322512045,1.06969035805123,0.668900194004404,-0.432638030908241,0.573536715306583,1.19977846620401,1.07664121239315,0.672719379006018,-0.445236387857462,0.569296665538796,71.6120712980199,0.791901930737669,0.0747496,0.810743645127549
2001-01-01,1.43887374520995,1.47089258002256,1.86915710901539,2.30318218615501,2.05481726172561,0.867550409582017,0.580247692910453,1.49327903021322,0.5282532929848,0.206967993852572,1.50448414659982,0.529651010772354,1.03278957372126,0.895959331557879,0.528887158965355,-0.0713659787230204,0.418939116819844,1.03925785489745,0.901229258282372,0.53116133793722,-0.0827642544733336,0.412790839881022,101.56941265589,0.805283880285198,0.2838691,0.824263850735543
2001-04-01,1.41846349919567,-1.74730488106985,-2.12053615481687,0.317120994286804,-0.195751517669252,0.335056358140353,-1.12610620053966,0.254995830342068,0.269127551897554,1.6743941498807,0.255321221228533,0.269490025192347,0.962297401183548,0.632369935272982,0.570566659184221,-0.32642566689781,0.352512997194588,0.968376036302445,0.635180172936714,0.573397812280265,-0.338910454404557,0.345923806934799,88.4783799148244,0.808804016389375,0.2977963,0.81844532833743
2001-07-01,0.934586241823808,-0.532983885856765,-0.736763705075409,0.758291737193018,6.31455192968653,0.628267286054694,0.662413452348206,-1.22672226533768,-0.0666228516561205,0.101608814838471,-1.21922870079628,-0.0666006635620794,0.759901222935298,0.382732864711807,0.509964400145951,-0.65811001753903,0.154182871858794,0.764468304296049,0.384145935211146,0.512308896941478,-0.6709863575102,0.146030860577186,117.329447360179,0.816649981255709,0.2162474,0.851556989827158
2001-10-01,6.30839754265762,-6.04821723979308,-7.10064224455378,-0.172098267146828,1.39739571391271,-0.128113453464869,-0.721224047654793,-0.19513161750092,0.606983288048696,-0.918217639943862,-0.194941359531579,0.60882916443905,0.66116058075994,0.301757714997393,0.608630881415463,0.0195621750782423,0.0595082825958917,0.664733102185147,0.302512639975736,0.611486387017679,0.00845825613971285,0.0503104441150675,173.181154803935,0.81480011535421,0.5279831,0.854761931056479
2002-01-01,4.27415483772714,1.83623660675471,2.07880877471368,-0.715586325662713,-10.8873337677619,-0.431398862648045,-3.25939059776724,1.92196308006305,1.47331900268182,0.680969604580866,1.94055168821662,1.48422584546707,0.646941139429913,0.56221205679135,0.611326334091343,0.889963942623822,0.0493548941783201,0.650294401378452,0.565119076461749,0.614196371840086,0.88786972281652,0.0398865289571557,99.0624773505334,0.808605828289629,0,0.783137958498601
2002-04-01,-3.40458414097174,1.84167452351016,2.31145574760819,-0.605605591398948,-8.33020443670318,-0.358919143163172,-2.26890394540349,2.32483305240339,0.58764322335287,1.48200758922536,2.35206794172478,0.58937323324459,0.572701229705302,0.574090042864964,0.651708114546701,0.00835421620732868,-0.0208189626338347,0.575394739900806,0.577063520956196,0.654744259022118,-0.00296810375717926,-0.0309983468717066,81.7989930058314,0.804659545588554,0.4920453,0.735732879047234
2002-07-01,-2.63173083173734,2.1282305977665,2.73298595915939,-2.46618136241183,-1.296705740937,-0.906212817840559,-0.189670046233431,1.52737070293665,0.86171266259862,1.06419361495102,1.53909462244454,0.865436093570418,0.553932932952534,0.692607065005177,0.640145726492392,0.286489708365534,-0.0355212064741467,0.556449796520095,0.69625273463181,0.643194246326014,0.277109542217432,-0.0459285046036333,111.114930218415,0.789566036048468,0,0.729386890230042
2002-10-01,0,-0.283206916521635,-0.34972516608669,-0.789961184179883,1.70732813365213,-0.409482300720364,1.0791214327918,1.80694591923407,0.54712146171596,0.494968837626004,1.82336996239652,0.548620904529205,0.600942203953025,0.815355927679593,0.606711685220164,-0.0240354396046697,0.0155541174387996,0.60362820170662,0.819297048250067,0.609595980598696,-0.0356908611749968,0.00526468623167486,133.385484892706,0.784887996155142,0.2759953,0.740403788508529
2003-01-01,-0.445435034937987,-0.0223624612611957,-0.0372585779627136,-0.086475801099461,5.86165744582014,-0.150670751318875,1.94047463180879,1.93755485800421,0.551800015085064,1.34054647687822,1.95644727183753,0.553325235466569,0.603885544215558,0.804319273086867,0.494466500854287,-0.0152908333231103,0.0225635106137884,0.606587479793397,0.808196262455571,0.496131163700073,-0.0269717445888494,0.0122387499672354,177.951774235579,0.783639569013247,0.1342642,0.775178940740928
2003-04-01,2.64332570681557,-2.1989398926512,-2.72026247757342,1.09818046795215,0.0474131253294887,0.364482071977573,0.833901306181854,-0.99429713983568,-0.147559568036286,-0.162522382595967,-0.989370348327478,-0.147450752434809,0.551799654223828,0.480143558943246,0.513044034144936,-0.710584363532004,-0.0254563264654858,0.554469882590002,0.481860942875195,0.514830343826559,-0.723732946841444,-0.0358640615873754,120.764590247867,0.790203620824165,0.3624764,0.7798186881272
2003-07-01,1.2959144642505,-0.267086048279339,-0.224074086354126,-1.55835509750678,-2.21974210030171,-0.559867310307332,-1.50008059792223,1.64874472806855,0.372944999143101,0.389610882456509,1.66241153087936,0.373641304347829,0.606745635573731,0.437203914101292,0.558630748876437,-0.186013743440162,0.0335557077968727,0.609500128578741,0.438714557095843,0.560885025217062,-0.198626104410022,0.0231809700501468,70.284602261458,0.780917962621469,0.1257783,0.75940207047397
2003-10-01,-4.38666821055827,2.97551326566332,3.68597578878123,-0.448196316544052,-3.51979305455995,-0.155868654210685,-1.92487823170446,1.15267673739959,0.687602712120679,0.161890920900987,1.1593456547585,0.689972127176712,0.616823063582729,0.402381924005704,0.648116630940682,0.132710022449872,0.0476991887183264,0.619642998920948,0.403621763817101,0.651144242805231,0.121719504067644,0.0373386260411383,74.8232979353237,0.778317740313323,0.1415729,0.734266324691382
2004-01-01,-1.81000416436174,0.612515811020216,0.79782833980218,-0.499608180794103,-2.41407230792917,-0.167817985899187,-0.750592387657948,1.81640586168328,0.717685956387413,0.516296726093174,1.83300285022044,0.720267494129987,0.522368932795928,0.436494822939994,0.671553495241434,0.166859319629062,-0.0426888891560186,0.524148205003813,0.437951081737258,0.674730131174721,0.156029656669703,-0.0541413822272139,67.3334317026259,0.776273901176209,0,0.720482695232949
2004-04-01,-1.84337016888375,2.41713930713053,3.22115557106127,-0.236464301039933,2.05056726713935,0.0116906674048909,1.46811535681143,2.43362399183502,1.18081966571913,1.12019094225195,2.46347830917069,1.18781886330394,0.59651598809171,0.562298753066807,0.741984402555415,0.634059081873232,0.0355242190522194,0.598953908761232,0.564849807304732,0.745230834782,0.627595811492441,0.0246791071789887,69.3364799842075,0.775585277688339,0.0726216,0.735519464636885
2004-07-01,-2.35304974101948,-3.42833586680922,-4.33984045176022,-1.9557768844341,-1.14435047657952,-0.790998470612637,-0.346441829070275,1.74147976249355,1.17352263616567,0.190779072172745,1.75673193047763,1.18043542764639,0.635492234787591,0.826515193907198,0.791978467279283,0.630828105232232,0.0785665186605566,0.638328825520727,0.830427043320971,0.795499606585626,0.624227161483669,0.0680688095872683,68.9296343748553,0.763478614404735,0.4152536,0.732012810181194
2004-10-01,1.88684843043825,1.89070936014781,2.42752753698718,-0.469716671023962,4.98759864027124,-0.417444473627644,0.85633971372683,1.14767900883908,0.715858065190332,0.443740823212295,1.15429011158138,0.718426454053,0.656584310221888,0.895097807116645,0.865765010048368,0.177229587169349,0.103724647007309,0.659554519211202,0.899384073262005,0.869987457370295,0.166232973539067,0.0933092889265263,66.4072232839203,0.760406096004039,0.1446864,0.755276613927265
2005-01-01,-2.36417630570395,2.33893113464205,3.01919861041977,0.378739637706287,2.00643053306267,0.0486980200715014,0.431395931936345,0.964117587960573,0.34545678316158,0.347277381377864,0.968780173801094,0.346054172816144,0.630791406231452,0.826668621324825,0.903790762755924,-0.189105641946947,0.0819977959293292,0.633645636379899,0.830600482389892,0.90833811551299,-0.202124522049005,0.0714151917440069,43.1885940387896,0.76204965648849,0,0.765833903622911
2005-04-01,-1.93242728264039,-2.86119015001634,-3.54989211067777,0.435182487650279,-1.23017007742165,0.0982158188084659,0.439657895119377,1.38739431932095,0.722903452210176,0.909810197346417,1.39706329818217,0.72552270697321,0.73959928376226,0.827712120489377,0.850491455574554,0.192407080014104,0.194871726372593,0.742767318805901,0.831651524958536,0.854506193696769,0.181358797756844,0.184551659818793,82.7909619170282,0.764290996280638,0,0.766332389967364
2005-07-01,-1.97050710793317,0.650957421031592,0.859642293638603,-0.0138428507503341,9.74362263411639,0.101422789000529,2.39743589942382,2.63598425137025,1.20410851150427,0.870652266004186,2.67103360369475,1.21138708266939,0.843494722807407,0.832369889646407,0.690223212210705,0.677678192220657,0.302833218330195,0.847485541096097,0.836365168831627,0.693252314162992,0.671237959101812,0.293284667757772,62.195300200039,0.764307005323717,0.2064836,0.82271548139317
2005-10-01,-2.0101179321087,2.50648814187247,3.36134893934726,0.536055047671469,3.11307845912298,0.103276843504781,1.11964490710907,2.23266137721635,0.983866225340307,0.0619003424284301,2.25777178996125,0.988722101128858,0.88052766195986,0.794438607481334,0.627792694128402,0.461501958969147,0.343932210395104,0.884829287840115,0.798022503528121,0.630510473773503,0.45258776321006,0.334643200150574,70.5601834064723,0.766378865221959,0.1976545,0.846274484776489
2006-01-01,-1.53455696746605,3.53218127931746,4.49108917224432,1.37083196704063,-5.84505596910949,0.650475097579245,-1.72989770307283,0.445707247851942,0.807724515449536,0.4938281640583,0.446701999951002,0.810995410590392,0.891782481842625,0.812811897533175,0.635272831413334,0.289426301990831,0.359253083190326,0.896170277397666,0.816536294835599,0.638018461841506,0.278875858320378,0.349998975356908,71.2258649407348,0.774986564865895,0.1958864,0.807310218515463
2006-04-01,-4.75023339850034,1.52662250695238,2.1168831688014,1.25840341988674,-3.04725291026711,0.733319776318299,-1.00671458516205,0.992081527095024,0.0516449326187285,1.10227692907495,0.997018970189702,0.0516582709099483,0.750635640205076,0.754049527424604,0.623083468726138,-0.46258722792752,0.222172294465232,0.754150203348416,0.75765711445436,0.625745899119895,-0.476446495711282,0.211993686956443,61.4256892099443,0.783753340313923,0.0677186,0.786311147206259
2006-07-01,3.71395469494564,-0.375664112587287,-0.557609720454855,0.0993450240360323,0.715969850390575,0.204916579375077,-0.252069394975128,0.949383093045299,0.278844438614215,0.0608828024894024,0.95390403000974,0.279233571326574,0.638800865511143,0.665237724705412,0.588818691481752,-0.231321669019578,0.114403572683755,0.64149997130844,0.668399287325033,0.591107599972266,-0.244856409645873,0.10335824056525,57.664004259024,0.785450890787448,0.2070393,0.787966038325403
2006-10-01,-2.10534091978317,-4.99657445514566,-6.23775941714721,0.418993476952269,-1.27944956057297,0.470950715202394,-0.373896322912889,0.650927886981435,0.3978177441561,-0.304785362425264,0.653051026754626,0.398610089292164,0.599045825381864,0.503979571235777,0.508118378204699,-0.108282310565237,0.0787145854669321,0.601522925713335,0.505843888649587,0.509839144621447,-0.121465106031499,0.0673959806189292,59.8985302272755,0.789746149639461,0.1338867,0.780597528119784
2007-01-01,-0.533334597536367,2.77990968043264,3.59069042200993,0.870783994192939,-1.36701698073883,0.372958062334861,-0.471428979830393,2.12363142537583,0.637577913399809,0.941826800883177,2.1463409481609,0.639614767921937,0.635560966661643,0.434721908847678,0.408952604855553,0.135543911590928,0.119295779659167,0.638218000101559,0.436022422008203,0.410215316029829,0.123554358247057,0.108105840655937,65.5589912031043,0.794765722828888,0.1358788,0.768880953902051
2007-04-01,-2.16224640131654,2.83534608720538,3.78548775039256,1.39126758077644,-4.54690321440554,0.851748895055581,-0.514732649547939,1.87822754269382,0.96425507079357,1.47083546053045,1.89597718829737,0.968918988635988,0.665729918984567,0.466028019916484,0.412517566260476,0.466287121897144,0.153530784894547,0.668642535309407,0.467607137617322,0.413782564112246,0.456873364609892,0.142545161512568,58.1693404850458,0.804248475289464,0.2765678,0.744714079083666
2007-07-01,-2.77026025493362,0.497879749455649,0.668407508486503,0.887768778538786,4.64126945885039,0.366539771633452,2.68858135338118,0.356837971953155,0.418964032400936,0,0.357475396609946,0.419842913673128,0.56758685909665,0.539491839872926,0.424258494683175,-0.0749378635830336,0.0594537779190852,0.569699514184874,0.541244066169958,0.425561116675682,-0.0881879247041846,0.0476169260368183,62.3808661134059,0.809700463005614,0,0.775810235349492
2007-10-01,1.67134809737405,0.489130163324887,0.63998731699287,1.73936371450258,6.91339567844847,0.508836179616249,3.15944056460113,1.39705468825582,0.113564102005512,-0.0298018181314319,1.40685910173374,0.113628610449065,0.458799093679801,0.506435772551185,0.484097162748185,-0.376271741066002,-0.0452679345853084,0.460312827849899,0.508123073994456,0.485764306439612,-0.390387442279464,-0.0577549746493721,84.3456183787551,0.81861873131385,0.076746,0.820487892291983
2008-01-01,0,-2.35309572032219,-3.02898265089635,1.85303142310635,3.94958877356294,0.961376789202614,2.35970913030548,2.0228933081562,0.0765996624531908,0.327332534496861,2.04349245999397,0.0766290074868669,0.367408487055258,0.442192156210604,0.22640127142511,-0.409170127705867,-0.132592488297396,0.368517027461959,0.443726857633397,0.228745269738315,-0.423372259592878,-0.145535989388529,116.437856806166,0.831238370926118,0.2306805,0.848663829329851
2008-04-01,1.09891215755957,1.41649717775539,1.85373420130966,1.82955592296099,10.6576271924243,1.26350176614842,2.59763941137491,2.42274902597023,0.361030937573105,2.02918299056984,2.45233604675025,0.361683439270629,0.406081737674555,0.386882761045263,-0.237864930370181,-0.120672799673497,-0.0898531847656428,0.407270173507044,0.388140591903135,-0.232484040482202,-0.134303042160333,-0.10276805769466,87.1413099359373,0.847313957025162,0,0.911350198350397
2008-07-01,0,-4.04681686797227,-5.14274377289948,1.47696778790328,19.4206883539936,1.19498886216738,6.23553414132183,1.01212029013686,0.816688420611172,1.04258112053373,1.01725955141381,0.82003241763967,0.473312235424174,0.357369431008783,-0.454467863219147,0.339050736277025,-0.0185566341035674,0.474870029296181,0.358363277703872,-0.44835568471185,0.328060721857492,-0.0311534162567397,118.418092295981,0.859986573889114,0,1.05643866743126
2008-10-01,7.37175758965682,-3.97347986309921,-4.8842332350972,7.22122303545159,16.3223636856351,3.8798227949025,4.99373524108198,-4.56429458947741,-1.16629332586172,-1.50946262224858,-4.46169752707564,-1.15951848898714,0.277798351671947,0.0403179593562527,-0.406558545987179,-1.63986495728341,-0.210004464943339,0.280103957011268,0.0424909971718179,-0.400311411927113,-1.64747539912053,-0.221904702892869,298.805817289192,0.912540633779022,0,1.19667466674273
2009-01-01,18.0628076287621,-10.5253275495962,-12.4433641033856,-0.465787216840711,-7.38850812536028,-0.409452678926952,-3.3339211664823,-3.88419616325245,-2.28560834177347,-0.322250169009521,-3.80972853306056,-2.25968618290763,-0.0875999302247124,-0.439516529399543,-0.251869702775691,-2.7551139202827,-0.571336693927542,-0.0823086618424283,-0.432171961499521,-0.244662854673365,-2.74362830739224,-0.580302536097782,203.800023896323,0.905103123331476,0,1.12050605826291
2009-04-01,8.52442798696097,-4.94231073170783,-5.88872464796081,-5.51448071768796,-11.9845092823041,-2.99716691694715,-4.98757623789416,-0.563091528146288,-1.09725649754182,0.847338890062815,-0.56150913929331,-1.09125859593441,-0.345288876266636,-0.674287761398546,-0.132142259384961,-1.5626960231386,-0.824959587057011,-0.339830859913728,-0.665749482183776,-0.123997439582159,-1.57118593477023,-0.833809948520297,116.266920888477,0.86384075490066,0.1013274,1.00778435523262
2009-07-01,-8.5265128291212e-14,-0.744746898974256,-0.869653247064428,-5.66964033123154,-9.03107006416359,-3.10598738602869,-3.93424487225384,1.24734803996262,0.448929322629283,0.11631289476469,1.25515987208167,0.449938519942221,-0.341543214988093,-0.65670808438731,-0.174255377223874,-0.0124441500550402,-0.817147872866011,-0.336068909130091,-0.648098466049458,-0.166393378056589,-0.0259740332448223,-0.826033212087877,93.7824281458261,0.824346191657108,0.2029633,0.930673648840147
2009-10-01,-0.781253973679298,-2.85769744993064,-3.43031583584073,-3.2498628333561,-8.82476727938017,-1.84919352111179,-3.50500511508296,2.75321074655108,1.15942156493361,0.145201129039492,2.79146183105814,1.1661689082631,-0.210811032122081,-0.588161455522823,0.0932413742234855,0.702114145161742,-0.682349637087543,-0.204501371903336,-0.578871167924771,0.100492590785491,0.694271140724844,-0.690450889212338,113.430476129557,0.801954143012131,0.1854943,0.862305049046938
2010-01-01,-2.38106486937184,1.8151892649804,2.19733758381812,-2.09421860981265,-2.17581364136186,-1.34669326239333,-1.031688139584,1.9867202333453,1.19912304130821,0.492112731454597,2.00658686647325,1.20634134490907,-0.070495609765203,-0.115078182088837,0.578516642509287,0.745881674448801,-0.53796816181821,-0.0632873297255604,-0.105699201145528,0.582950133992668,0.738458363019597,-0.545222061385779,119.307740889695,0.786395556685374,0.1079214,0.84504010758127
2010-04-01,-2.43914531241592,2.2904731351814,2.84853588552987,-1.14874637809571,-6.70016775012884,-0.56724262003661,-2.14212464593959,0.55852376976236,0.521896595738781,0.633277879220202,0.56008642167549,0.523260848318659,-0.0503874024944935,0.446422805413613,0.84276717698903,0.0727212817918251,-0.513793901635045,-0.0430901535945566,0.45089020509973,0.846749307615488,0.0593926520779668,-0.521010099605991,128.866363699558,0.778966537473503,0.2071037,0.797445292216955
2010-07-01,0,0.917789151704142,1.19910872243483,-1.7274715367122,-8.26063712434066,-0.924418892818962,-2.50486221617723,0.731152303816316,0.706183934269802,0.543712886165849,0.733831748566451,0.708683292907419,-0.0642004632871647,0.807110891775938,0.806436846383739,0.261074673235302,-0.52354090951526,-0.057008794186088,0.810878582868095,0.810301877653204,0.248829882315511,-0.530913954548739,166.998403939985,0.767793055378918,0.2086376,0.750126551286454
2010-10-01,-3.77403279828471,-5.60176978371084,-6.60319342072376,-0.294216639370389,-1.14811199001898,-0.358732731642267,-0.833785710380032,2.14899030629704,1.11131853622715,0.569153499978825,2.1722474017817,1.11751661954261,0.220501019473943,0.93958873449551,0.836549361827955,0.670275328105101,-0.234773373841696,0.227620594380131,0.944394202788173,0.840797685290365,0.661677994599483,-0.242269780333737,178.879887899689,0.765698477523361,0.1017191,0.739523603362917
2011-01-01,-0.858374369139227,4.67483512721611,5.76854675813287,-0.176227652843678,2.62469248540329,-0.414385398487104,-0.050521091516301,2.1168983546645,0.752497243816379,0.819560896495659,2.13946359432705,0.755335619425329,0.600264217672674,0.858203870272064,0.777307290007099,0.31552008860679,0.14905587726949,0.604498319671751,0.862227545020617,0.780965098832822,0.303511780130988,0.138622730606667,160.534194681509,0.762813810048598,0.0950751,0.748693375672071
2011-04-01,-1.30153681120697,0.569972207656065,0.761803848556069,-0.241783286329306,-1.4960283035063,-0.344682895790133,0.0625686850867224,1.25223060949816,0.194617008392242,1.36969297148732,1.2601038463663,0.194806510206241,0.761748405914432,0.65730266368887,0.711903035800982,-0.23829409390489,0.314606118423704,0.765256457939332,0.659920578080051,0.715368883853612,-0.253002543439317,0.303395654523031,158.587740578475,0.759771880158472,0.1940052,0.744506647477248
2011-07-01,-4.00944572018784,4.59469187836277,5.77568259149999,0.229799303746711,1.03440361661748,-0.0373322319779951,0.379173578374899,1.46076604695872,1.37020917304312,0.194147890688782,1.47148737507472,1.37963956172323,0.876908387216162,0.826965179149738,0.657538613259898,0.941364123658445,0.43383215263789,0.881469088161958,0.831196320760965,0.660723232954355,0.935845293726456,0.423623070394441,273.798823570395,0.760397646332965,0.1849796,0.75245958936126
2011-10-01,2.2472855852059,0.07655520142049,0.12224646613557,1.5016875893619,-3.71906321098848,0.130505757701804,-1.41606535416572,1.49800714120192,0.784428538562224,0.276701892095446,1.50928350472743,0.787513239706267,0.830034258919738,0.842614100008223,0.518225167381745,0.359649542090003,0.391024077253922,0.834137129592353,0.846962310120735,0.520537588221951,0.347733757358277,0.38030589747362,336.684910752982,0.765941929721158,0.1920123,0.730709445062933
2012-01-01,0,3.33376202474693,4.19548503515615,-2.53849332217479,-3.36455527521642,-0.608657382289493,-1.44901834702393,0.133413474701001,0.0640668162959628,0.468643173362693,0.133502510067855,0.0640873434641902,0.688152230793207,0.633163756021986,0.440235271310225,-0.356646127263802,0.253208102039847,0.691355379411743,0.636276454905051,0.44217270972274,-0.371677353235016,0.241538932941794,202.518558926722,0.75454257473053,0.1964251,0.710611841694419
2012-04-01,-2.70286723879192,-3.09304297332494,-3.70693476444326,-1.71821006410343,-1.92304416357332,-0.562052879150554,-0.547812489330716,0.212652222177212,0.325632976482211,0.630570972183818,0.212878487372736,0.326163736612621,0.663619278386136,0.547790902555153,0.540005079241057,-0.091013914165098,0.232741202545232,0.666718240448488,0.55044207834251,0.542486758972839,-0.105586174437802,0.220916579627322,227.046243495194,0.744932559616002,0.2583312,0.701973523405727
2012-07-01,0,-4.49850706580827,-5.47339759704086,-0.22235836975594,1.71808346543372,-0.215168087469188,0.099982587863156,0.638534400303797,0.136124415080076,-0.164113822392437,0.640577377261152,0.136217106415782,0.59236183848742,0.536092383892719,0.426929426852114,-0.276456422654778,0.165549815558972,0.595159967137033,0.538724197584418,0.428303563175294,-0.291518018985857,0.153373091964651,192.03680344799,0.742533480687231,0.3244295,0.709035977332987
2012-10-01,1.36056520557787,4.82525866387527,6.16635184003829,-0.997972090155891,1.9708050970688,-0.387677839957284,-0.33924977408644,0.730838423191699,0.206567971315735,0,0.733515565082299,0.206781469930847,0.479268017873494,0.303364143547242,0.430821125278791,-0.201946813506662,0.0565220478575011,0.481318073435563,0.304152579225941,0.432226443551429,-0.216938869822008,0.0435459839119651,279.915169635637,0.736525710200529,0.2197802,0.712347829470351
2013-01-01,-3.20393537446162,-2.26749583881701,-2.78233753740785,0.8242344124191,-0.619646523126292,0.182297307495557,0.577309490050966,1.7619811112063,0.89300566390807,0.437039755999876,1.77759557152029,0.897004854956934,0.496831570384956,0.325079568616411,0.570967304431666,0.488556931998129,0.0781516532814184,0.499026727877014,0.326050902276075,0.573152567457288,0.477299300852862,0.0652694240021993,218.720324470282,0.738940804053886,0.1741099,0.712713245111594
2013-04-01,-0.466201310581226,1.46917466729775,1.8232340288529,-0.958259192039251,-6.94162674740031,-0.351268779359235,-1.00441847570776,0.518038398956378,0.57867960632052,0.489397387886243,0.51938253792004,0.580357191140414,0.54483939512599,0.428002126621323,0.547777418524057,0.178296927323034,0.130225530934909,0.547220562993786,0.429304871811319,0.54990591770646,0.164666422685126,0.117478044767755,190.438344736989,0.734139079522682,0,0.680827148006054
2013-07-01,-0.468384931242582,-2.54978731146508,-3.09846615891541,-0.588914968510395,-1.8861552188535,-0.137902157891825,-0.811536266163917,1.36016121589614,0.811670427548961,0.216743514815732,1.36945349073886,0.814973402339218,0.47502205193922,0.525209616834672,0.658214427347697,0.415353801463931,0.0644742406605946,0.476637293070784,0.527066804956639,0.660921917372732,0.403297419532713,0.0509095604935368,137.341805511123,0.731768206361237,0.1082837,0.669258684225539
2013-10-01,0.468384931242582,-2.85963149143947,-3.40338981967019,0.746884947475424,-0.126323407214557,0.181974303349475,-0.503416692999374,1.07637082088786,1.04509007036609,-0.216743514815732,1.0821845319144,1.0505702108052,0.507604743414703,0.707002747891875,0.765059232116105,0.652839497193512,0.101122985048533,0.509519414458151,0.709937425834523,0.768389037065896,0.642909013647483,0.0878064675296877,177.410483982921,0.735484579525327,0.0680365,0.666444870675076
2014-01-01,-0.938974034983829,3.141027871056,3.87889275364665,1.69270065593308,2.47827303243606,0.72088376553842,-0.0731900205464839,1.55668014350817,0.163303775128952,0.891054903304848,1.56885952478993,0.163437188356823,0.520009363268827,0.698349908654518,0.736000209287632,-0.224880745131167,0.117593657815113,0.52193814506973,0.701268569519719,0.739099153230362,-0.240209223152114,0.10423998379005,165.941169499997,0.745946532681102,0,0.67519253772664
2014-04-01,0.470589103741247,0.879598775543684,1.08902394463428,0.673543370776196,-3.14830454471704,0.287100952494304,-0.474113994765155,1.26281583090076,0.909183476845556,1.30860459999428,1.27082301986501,0.913329104079684,0.592953175814245,0.701585471242015,0.574613909661821,0.525065009497893,0.194603523272986,0.595333816003113,0.704533419344269,0.577689677965272,0.513697478219531,0.181650440372217,120.395444803323,0.749181769247057,0.0568279,0.66141337339661
2014-07-01,-1.41846349919567,3.45418295838391,4.38193324918432,-0.176106117699117,4.92362908071101,0.284922105682688,2.22638992327109,1.26872049983217,0.954481604694593,0.079565048621248,1.27680290323294,0.959051307782998,0.695247824516059,0.77674587091683,0.419726260518343,0.574429190259386,0.300964224887257,0.698188091174015,0.780272242672785,0.422383184076604,0.563434467571628,0.288519501191903,146.315366589856,0.750304121353412,0,0.689745957154256
2014-10-01,-4.38026226583926,-1.2284796381258,-1.52552066445136,1.19024137830443,9.32795599054153,0.720777949765499,3.26724803421571,0.0075476644981336,0.689592504108759,-0.371846377993734,0.0075479493413421,0.691975668108196,0.755625891115187,0.752330286228789,0.320867355967558,0.313606142586008,0.365408344398841,0.758837365946184,0.755672695826581,0.322830552848213,0.30037361354561,0.353183561612855,174.593903231381,0.758755929336818,0.0639673,0.740823426728497
2015-01-01,1.48150857851405,-5.36908972622712,-6.40024164533522,2.1137275031047,9.59185051642201,1.03607563702026,3.44886731618274,-1.48287814382638,-0.551024491060161,0.0532056410529549,-1.47193765069932,-0.54950913571522,0.575122121744158,0.43310737394354,0.308229536109658,-0.922944799670457,0.188970627940268,0.578023117112165,0.435656826522496,0.310177675585491,-0.937096404629022,0.176384098427619,219.425610745571,0.772456646454535,0.2724239,0.797939309871253
2015-04-01,1.45987994211526,3.75756934781595,4.74095215211109,-0.508479303142668,-3.62098689715709,-0.153552682932982,-0.425243011707563,0.0312403950924818,-0.272543116455381,1.13712715443165,0.0312452754119841,-0.272172054881455,0.468719281397171,0.345937995626673,0.256490797851029,-0.640397372153221,0.0866338405057357,0.471456961359431,0.348534977874841,0.258060825441802,-0.655744538146473,0.0738327283236696,188.475136133144,0.769029545161701,0.1367428,0.777042477041876
2015-07-01,1.43887374520995,0.266652505253603,0.318902955731773,-0.535570583488045,-3.52352093820957,-0.331584989259059,-0.767826427218306,0.800047621481781,0.353077738510592,0.367454481696825,0.803256554420329,0.353701792206463,0.411395195267374,0.23471684795968,0.0497184896141464,-0.0107104642747916,0.0333758072883953,0.413798010092837,0.236609515500197,0.0508089709631662,-0.0258559054097718,0.0201885627058589,187.093669237894,0.765879371635368,0.2770851,0.758400626432094
2015-10-01,0.94787439545442,-2.99491994855146,-3.59097860417376,-0.349366162828523,1.80430676645506,-0.275440529335567,-0.372138051705379,-0.460058358708466,0.0748390361236488,-0.236065683396873,-0.459001711260735,0.0748670475177686,0.29011381598707,0.0587883342454916,0.0977656517608076,-0.284883113749279,-0.0838395190794535,0.291835114681907,0.0597726634471507,0.0992700567168143,-0.300675864449683,-0.0977595470562868,156.650858126757,0.761980334717942,0.0838856,0.763375012360922
2016-01-01,1.86921330121521,3.88930155876699,4.95882737357592,1.53831840036445,0.619978828831825,0.0951525999139401,-0.0187407487213166,0.3378364657774,0.547012309035154,0.262260837443478,0.338407776349614,0.548511153073861,0.338077382725345,0.0302722952307704,0.256472406404815,0.191356212074681,-0.0318098994287225,0.339969360271537,0.0310797604402836,0.257984688809412,0.176983026755193,-0.0456105158178735,187.053992458874,0.767536704672223,0.0775014,0.764655238758782
2016-04-01,-2.3420274208099,-0.43318639210213,-0.562267364880171,0.294260624858859,-6.82088938510159,0.0309994505419463,-1.296451291741,0.186573374136515,-0.492924552963586,1.14584587027701,0.186747530549134,-0.491711673567451,0.162813878999202,0.0418922828500854,0.449842125911963,-0.844514597011603,-0.203007350242409,0.164339263065645,0.0426392528698373,0.45213917149527,-0.859225014237335,-0.217225827374982,195.008783659191,0.769656530962931,0.0542564,0.729747749089551
2016-07-01,-0.475060275859732,-2.90977671224954,-3.56038896710585,-1.14870062555594,-2.57388028964561,-0.495271019741534,-0.592377222207824,1.64795837189649,1.02592263913539,0.0517732343944886,1.66161210537462,1.03120326838373,0.171744008304302,0.301585433968239,0.544810516065744,0.678398647999827,-0.190011168024854,0.173358258140737,0.303314317522875,0.547760951021882,0.667704713362633,-0.204192046651106,220.720637439686,0.762236990158712,0.0731048,0.716394936331353
2016-10-01,-0.477327875265701,3.8160466601534,4.89168918330293,-1.59254947850585,2.06565069676185,-0.495394610290368,0.480204424008767,1.49838183374959,0.559922791447889,-0.0776699068170501,1.50966385316053,0.56149328893296,0.155535294221693,0.342954444555699,0.59425861046267,0.216464853224784,-0.202153829195007,0.157047960743833,0.344872616868174,0.597331807708549,0.202009519560644,-0.216487558399227,328.175660322391,0.754152650796029,0.3203075,0.724567339883692
2017-01-01,-3.90293439057356,1.04525837166409,1.33968310773446,0.627163370496631,-0.462213999719798,0.297913040675455,-0.765385740376464,2.00175727549299,1.08104492009466,0.773997672032067,2.02192679324037,1.08690932391956,0.359543970616045,0.5441956213499,0.589921669473012,0.741653034784006,0.0059209001118006,0.36160026819818,0.547281072148532,0.592971739974823,0.731440340196022,-0.00792046529609639,285.931328209336,0.757648260542902,0.5198277,0.719235200098719
2017-04-01,-2.51902488285592,1.49550777695993,1.81882599254427,-1.19959905986657,-1.28216469199959,-0.0504704074029932,-0.502722477907752,1.04296703652335,1.01785646958706,0.563814922586118,1.04842489577423,1.02305424889275,0.52084391887135,0.638364453460281,0.784829643514221,0.682530637188866,0.171286901279561,0.523503556169955,0.64218969131231,0.788250447763247,0.671600050818,0.157997608324463,222.743582151669,0.752796954724798,0.2042067,0.713716177276244
2017-07-01,-4.70060423759307,-0.482477814377546,-0.586716872440208,-0.0382886391345741,0.295850041556445,0.0138804369631507,-0.352966624261012,0.549654128779366,0.420975696902133,0.102171145540979,0.551167498582176,0.421863044324432,0.529331163670292,0.821144503433425,0.749989184434168,0.0897159174163955,0.18384019899096,0.532023712684701,0.824904634890686,0.75309360098011,0.0744236318984666,0.170532550487993,250.914888094316,0.752618623887252,0.0697204,0.71435124366063
2017-10-01,-2.71019297777903,4.37372868012466,5.62937740190218,-0.628806706679648,-0.3211143704853,-0.154163489889056,-0.238903403655943,1.90024901080596,0.516653722107549,0.331337119748241,1.9184186493003,0.517990678937783,0.58455799941828,0.719290720027857,0.768250508660653,0.189459995534267,0.243133087651403,0.587414166612203,0.722262117001496,0.771469203513607,0.174566052160601,0.229937790064278,214.890532718584,0.749695229051081,0.1534919,0.711082166677415
2018-01-01,-2.22231367847112,0.536511585265941,0.649472493613914,-0.619700255496855,0.402655358785131,-0.165553844442668,0.122719032001396,1.10199726014457,0.871431265324873,1.03785262679395,1.10809161592266,0.875239280951514,0.625110368954495,0.781592414803254,0.662429731492336,0.548303591664047,0.287751510100074,0.62825518259691,0.785011315405207,0.664893465232942,0.535829439823116,0.274793591697768,386.221485548458,0.746538972818186,0.1461668,0.710633110069065
2018-04-01,1.11733005981259,-0.472413089365034,-0.468809608080769,0.787198842532101,-0.208226488339398,0.327043297477578,-0.38683136080756,1.48611139030504,0.782039425575022,0.802612786132158,1.49720893141946,0.785105340901774,0.784480866271821,0.721791315899327,0.529964491576363,0.462977804826652,0.451188060329856,0.787857309405563,0.72465051880165,0.531691550274328,0.449710285422159,0.438410504155205,329.652362798698,0.751439368325516,0.1433075,0.7066134215043
2018-07-01,-1.68071183163812,3.02105217642588,3.83160305296523,1.11097236428452,-3.16540575475504,0.79847758928896,-0.294281782110397,0.83947066617111,0.687752061033279,0.473521134002624,0.843004101631903,0.690122506667441,0.742209544009057,0.655770434188571,0.610661195686134,0.372756493197365,0.412982790979548,0.745222214191026,0.658064170356589,0.612957995565454,0.35874223683661,0.399790194589452,307.823814045107,0.758641345042818,0.2183724,0.696039147461224
2018-10-01,-1.70944333593002,2.1828840367325,2.77158452130503,3.14671852154602,5.32652985765069,1.34291821846306,1.82553741880963,-0.994763936226491,0.340299479916439,-0.298805003198595,-0.989832525294736,0.340879155954904,0.714756630067626,0.639635190791432,0.583440734339612,0.0293699649929808,0.389595929950573,0.717645447568769,0.641867392682683,0.58562258592306,0.0135136717728562,0.376228213615979,303.03100194654,0.7775018310689,0.2822467,0.727190885779992
2019-01-01,1.14286958236232,0.21383450131043,0.276004751618671,1.29721695573071,2.82035259412458,0.793051549703962,0.944443405071822,1.3780974591391,0.0905997901752471,0.621506040343434,1.38763699316107,0.0906408441824483,0.5909509888277,0.554424404404972,0.501842271382592,-0.216263671835755,0.269856341623102,0.593111887601631,0.556397425731616,0.503544574704466,-0.232709854350815,0.255709439297624,273.014220918494,0.784755743232043,0.3398471,0.743452119194832
2019-04-01,-5.24901826213966,2.27488166680422,3.15791539938297,1.54863074857392,0.849694405766823,0.961769122939507,0.699663129233781,1.91569878680139,0.985852625670532,1.32941396605946,1.93416603311631,0.990728161362312,0.586950508338134,0.577308676474104,0.0785634462946356,0.683055216571985,0.269921914045992,0.589071126660326,0.579495201813776,0.0832006109284034,0.671392248477832,0.255683464005103,304.106982519855,0.79512768473763,0.5648805,0.749117591458866
2019-07-01,2.95006643966968,-0.994708055078263,-1.36920818710116,2.99366396386557,3.53318089130257,2.04116051166506,1.84769628645986,0.330320669643925,0.326110492681892,0.268653232775762,0.330866829562051,0.326642811441029,0.575092357810604,0.486122889895478,-1.69128492141103,0.0273791364958008,0.262129816430918,0.577168597549901,0.487802695921627,-1.59289348741122,0.011321684205333,0.247795720543461,364.100638725821,0.814990610881258,0.2713888,0.769542850348863
2019-10-01,1.7291497110061,-1.09052890220084,-1.43041316627783,7.22807097269131,13.1806129686973,3.78859031171668,4.43673627648251,1.1883480449676,0.300242024625732,-0.146448647116074,1.19543695281724,0.300693202421352,0.548040895625377,0.408620882613968,-0.510891909494116,0.00557672135209653,0.239144407158147,0.550006412985347,0.409916835072409,-0.358168023340656,-0.0106131391655612,0.224648321627691,392.23646574313,0.859621673580406,0.7080147,0.845827974828873
2020-01-01,9.2709398104268,-5.49523276983797,-5.42725007874501,16.0258573663802,36.8421622829553,8.30263800819755,11.9075778261191,-3.25038097005063,-2.18091235004067,0.34138048272132,-3.19812380372887,-2.15730240553066,0.166497943704684,-0.0956214833774538,-0.21401572318905,-2.47151160040185,-0.138332491850091,0.170938702175075,-0.0897194772247043,-0.05791370917396,-2.46459396146879,-0.150404603533797,408.533266613469,0.96544280199772,0.8428473,1.08770957073326
2020-04-01,69.8341997437052,-36.1399917321369,-35.6861842404569,27.1714205425899,27.0174393715985,16.7022558819122,7.06741364144404,-12.4322936474975,-11.7011865129064,-0.439132201160135,-11.6905388631142,-11.0425361817099,-1.39390529860549,-2.45397874399378,-0.199564102318521,-11.9877197103551,-1.69466968124781,-1.30751648815139,-2.31635488240318,-0.0433115273891192,-11.3458129519993,-1.62484500821148,544.044659392664,1.17665063791672,0.1380262,1.27866664315709
2020-07-01,-23.8809668058615,17.0333140921935,21.0945560392432,-6.76254729252275,-17.2863062130759,-7.70857119548364,-6.35864141084461,10.7802115206639,8.60305056333482,0.512133786102936,11.3827314089298,8.98395740444886,-0.404492985817797,-0.930539156460918,-0.359751618598044,8.32058341879855,-0.701191315547659,-0.270787125928711,-0.717709033785871,-0.203124608065294,8.6846954198083,-0.584100860340016,463.115473102875,1.10285452512322,0.1084011,1.10615083242149
2020-10-01,-12.6040720895362,-4.16065778970437,-4.84586755742969,-13.1432736088275,-17.4416876902311,-6.22588533208032,-5.18173935713346,3.50934801932772,2.16873309431071,0.364210673332025,3.57165232552103,2.19242104334932,-0.175938784018513,-0.562014636135154,-0.217023208416841,1.8903320026869,-0.46857106083592,-0.0393443900044089,-0.344553387404212,-0.059249492727505,1.89717384435754,-0.34864333876693,441.280130009997,0.994654758560381,0.2009916,0.97011848344649
2021-01-01,-6.15578929994331,6.7689829331153,8.98100244304747,-6.70595481242591,0.873913451302576,-3.02026295693847,-0.228099261796471,4.07665489992337,1.08701397176424,0.98879377912516,4.16089125167213,1.0929434338562,-0.0513870113198891,-0.404660246707454,0.321661339367633,0.81267893305288,-0.33995323522484,0.0859434337048097,-0.186103341117243,0.477877324464743,0.801711020513203,-0.219340729408928,319.261871282026,0.943360775351823,0.117751,0.971899265810304
2021-04-01,-6.55972824858131,-1.46572869016455,-2.1537052226426,-3.62418151591857,-7.81940902039485,-1.57189178320956,-1.55195617801227,1.5684162147727,-0.79520212127477,1.4296169144344,1.58078041803487,-0.792048753292193,-0.274018854688052,-0.127518200954273,2.10212105237334,-1.06547110707367,-0.558519025680547,-0.136903680627003,0.0869473893304509,2.16465996858994,-1.0792663809864,-0.438173058091957,211.610736413225,0.91639721071292,0.141854,0.919797540895701
2021-07-01,-9.31937768979469,8.20384098351599,10.4191071189068,-2.85978209274987,-7.03759959987634,-1.21350118257061,-0.844906061209094,2.51974977110558,1.29934089589415,1.19930890755552,2.55176379115458,1.30781900978587,-0.15236505428652,2.47258728080583,0.987952981687256,1.0331379630077,-0.432799172366559,-0.0142566558338979,2.55701842762961,0.996539455305083,1.02461616774045,-0.311511247650068,309.224935129382,0.897256343994451,0.2410607,0.880046879782858
2021-10-01,-12.8891013068021,6.82511126123433,9.05155912348775,-1.04942066854896,0.379019923379283,-1.50773856712275,0.64055227653438,3.53583249862868,1.58987948445065,1.00012462895825,3.59908637106459,1.60258531481507,0.00883962819159478,1.06995306502899,0.791156296250013,1.32774260447666,-0.267528436975989,0.148479858215317,1.08074400970285,0.79722585729771,1.32339725841843,-0.144759947952069,268.551522267919,0.885954828220086,0,0.884398384919009
2022-01-01,-8.84554205618628,13.2978099179604,19.1546662663024,-0.449188457010906,5.42756523954766,-0.344769601914257,3.34664025548224,3.67712566618138,0.762031478133622,2.03878325089579,3.74556826183616,0.764942327166457,0.376707606713381,0.788612741793577,0.731984761147169,0.503960651072089,0.104405594458253,0.513760449802457,0.795248266466281,0.738082341986012,0.489769056418597,0.224535429283854,278.939181268312,0.882531505857009,0.3666457,0.929050831620219
2022-04-01,-12.9411073651503,-4.05059636709819,-5.79381175289055,0.764482083302798,-0.0739855009763779,0.0579007523177766,0.968210059080045,4.11192899167145,0.803874068532195,3.03730359715973,4.1976395409494,0.807113811454851,1.9398401793932,0.731984761147169,1.11378148175265,0.549869294383119,1.67160422005053,1.99496669894806,0.738082341986012,1.12061511580556,0.535955326355775,1.70975646407824,249.341616483319,0.886032214812209,0.1222046,0.935539430622696
