Date,Nom_GDP_CAN,Real_GDP_CAN,CPI_CAN,UNEMP_CAN,WUICAN,CAN_unc_h1,CAN_unc_h2,CAN_unc_h4,mean_EPU_CAN,mean_UNEMP_DUR_1_4,mean_UNEMP_DUR_TOT,mean_PROB_JOB_FINDING,mean_OUTFLOW_RATE,mean_US_unc_h1,mean_US_unc_h3,mean_US_unc_h12
1952-04-01,NaN,NaN,NaN,NaN,0,NaN,NaN,NaN,NaN,NaN,NaN,NaN,NaN,NaN,NaN,NaN
1952-07-01,NaN,NaN,NaN,NaN,0,NaN,NaN,NaN,NaN,NaN,NaN,NaN,NaN,NaN,NaN,NaN
1952-10-01,NaN,NaN,NaN,NaN,0,NaN,NaN,NaN,NaN,NaN,NaN,NaN,NaN,NaN,NaN,NaN
1953-01-01,NaN,NaN,NaN,NaN,0.167336,NaN,NaN,NaN,NaN,NaN,NaN,NaN,NaN,NaN,NaN,NaN
1953-04-01,NaN,NaN,NaN,NaN,0,NaN,NaN,NaN,NaN,NaN,NaN,NaN,NaN,NaN,NaN,NaN
1953-07-01,NaN,NaN,NaN,NaN,0,NaN,NaN,NaN,NaN,NaN,NaN,NaN,NaN,NaN,NaN,NaN
1953-10-01,NaN,NaN,NaN,NaN,0.4400763,NaN,NaN,NaN,NaN,NaN,NaN,NaN,NaN,NaN,NaN,NaN
1954-01-01,NaN,NaN,NaN,NaN,0.3146963,NaN,NaN,NaN,NaN,NaN,NaN,NaN,NaN,NaN,NaN,NaN
1954-04-01,NaN,NaN,NaN,NaN,0.3485231,NaN,NaN,NaN,NaN,NaN,NaN,NaN,NaN,NaN,NaN,NaN
1954-07-01,NaN,NaN,NaN,NaN,0.3292,NaN,NaN,NaN,NaN,NaN,NaN,NaN,NaN,NaN,NaN,NaN
1954-10-01,NaN,NaN,NaN,NaN,0,NaN,NaN,NaN,NaN,NaN,NaN,NaN,NaN,NaN,NaN,NaN
1955-01-01,NaN,NaN,NaN,NaN,0,NaN,NaN,NaN,NaN,NaN,NaN,NaN,NaN,NaN,NaN,NaN
1955-04-01,NaN,NaN,NaN,NaN,0.2211655,NaN,NaN,NaN,NaN,NaN,NaN,NaN,NaN,NaN,NaN,NaN
1955-07-01,NaN,NaN,NaN,NaN,0,NaN,NaN,NaN,NaN,NaN,NaN,NaN,NaN,NaN,NaN,NaN
1955-10-01,NaN,NaN,NaN,NaN,0.1059883,NaN,NaN,NaN,NaN,NaN,NaN,NaN,NaN,NaN,NaN,NaN
1956-01-01,NaN,NaN,NaN,NaN,0,NaN,NaN,NaN,NaN,NaN,NaN,NaN,NaN,NaN,NaN,NaN
1956-04-01,NaN,NaN,NaN,NaN,0,NaN,NaN,NaN,NaN,NaN,NaN,NaN,NaN,NaN,NaN,NaN
1956-07-01,NaN,NaN,NaN,NaN,0,NaN,NaN,NaN,NaN,NaN,NaN,NaN,NaN,NaN,NaN,NaN
1956-10-01,NaN,NaN,NaN,NaN,0,NaN,NaN,NaN,NaN,NaN,NaN,NaN,NaN,NaN,NaN,NaN
1957-01-01,NaN,NaN,NaN,NaN,0.1925669,NaN,NaN,NaN,NaN,NaN,NaN,NaN,NaN,NaN,NaN,NaN
1957-04-01,NaN,NaN,NaN,NaN,0.5035247,NaN,NaN,NaN,NaN,NaN,NaN,NaN,NaN,NaN,NaN,NaN
1957-07-01,NaN,NaN,NaN,NaN,0.104712,NaN,NaN,NaN,NaN,NaN,NaN,NaN,NaN,NaN,NaN,NaN
1957-10-01,NaN,NaN,NaN,NaN,0.1231527,NaN,NaN,NaN,NaN,NaN,NaN,NaN,NaN,NaN,NaN,NaN
1958-01-01,NaN,NaN,NaN,NaN,0.2769699,NaN,NaN,NaN,NaN,NaN,NaN,NaN,NaN,NaN,NaN,NaN
1958-04-01,NaN,NaN,NaN,NaN,0,NaN,NaN,NaN,NaN,NaN,NaN,NaN,NaN,NaN,NaN,NaN
1958-07-01,NaN,NaN,NaN,NaN,0,NaN,NaN,NaN,NaN,NaN,NaN,NaN,NaN,NaN,NaN,NaN
1958-10-01,NaN,NaN,NaN,NaN,0.2608922,NaN,NaN,NaN,NaN,NaN,NaN,NaN,NaN,NaN,NaN,NaN
1959-01-01,NaN,NaN,NaN,NaN,0,NaN,NaN,NaN,NaN,NaN,NaN,NaN,NaN,NaN,NaN,NaN
1959-04-01,NaN,NaN,NaN,NaN,0,NaN,NaN,NaN,NaN,NaN,NaN,NaN,NaN,NaN,NaN,NaN
1959-07-01,NaN,NaN,NaN,NaN,0,NaN,NaN,NaN,NaN,NaN,NaN,NaN,NaN,NaN,NaN,NaN
1959-10-01,NaN,NaN,NaN,NaN,0.1371178,NaN,NaN,NaN,NaN,NaN,NaN,NaN,NaN,NaN,NaN,NaN
1960-01-01,NaN,NaN,12.220173821438,6.33333333333333,0,NaN,NaN,NaN,NaN,NaN,NaN,NaN,NaN,NaN,NaN,NaN
1960-04-01,NaN,NaN,12.2465104029497,6.9,0,NaN,NaN,NaN,NaN,NaN,NaN,NaN,NaN,NaN,NaN,NaN
1960-07-01,NaN,NaN,12.2465104029497,7.4,0.2557872,NaN,NaN,NaN,NaN,NaN,NaN,NaN,NaN,0.610626824892555,0.731965673962119,0.856671947156892
1960-10-01,NaN,NaN,12.40452989202,7.56666666666667,0.126183,NaN,NaN,NaN,NaN,NaN,NaN,NaN,NaN,0.656297827391623,0.771770380189596,0.875433619102649
1961-01-01,10168,85892.8,12.40452989202,7.63333333333333,0.1118193,NaN,NaN,NaN,NaN,NaN,NaN,NaN,NaN,0.666061584020965,0.786301716164817,0.889092180413698
1961-04-01,10392,88065.3,12.40452989202,7.53333333333333,0.2146153,NaN,NaN,NaN,NaN,NaN,NaN,NaN,NaN,0.65118979372094,0.770113009060912,0.878661324262029
1961-07-01,10670,90187,12.40452989202,6.96666666666667,0.1156337,NaN,NaN,NaN,NaN,NaN,NaN,NaN,NaN,0.617707465686284,0.744867792842554,0.86795772610136
1961-10-01,10869,91446.8,12.40452989202,6.2,0,NaN,NaN,NaN,NaN,NaN,NaN,NaN,NaN,0.604022238041257,0.730233617792763,0.853613258600389
1962-01-01,11174,93870.3,12.40452989202,6.06666666666667,0.2027164,NaN,NaN,NaN,NaN,NaN,NaN,NaN,NaN,0.596307222980053,0.725378033446028,0.847188766829624
1962-04-01,11300,94561,12.5098762180669,5.73333333333333,0,NaN,NaN,NaN,NaN,NaN,NaN,NaN,NaN,0.585001335178295,0.7140715559229,0.839209974309418
1962-07-01,11536,95806.3,12.5888859626021,5.8,0.2220495,NaN,NaN,NaN,NaN,NaN,NaN,NaN,NaN,0.562731006868592,0.692287739547354,0.826732535751242
1962-10-01,11806,97758.3,12.6415591256255,5.86666666666667,0.1008675,NaN,NaN,NaN,NaN,NaN,NaN,NaN,NaN,0.55344722981032,0.6789998951089,0.812457415737217
1963-01-01,11917,98351.8,12.6415591256255,5.86666666666667,0,NaN,NaN,NaN,NaN,NaN,NaN,NaN,NaN,0.541552352034959,0.662183555369395,0.799902817275487
1963-04-01,12161,99790,12.6415591256255,5.63333333333333,0.0942685,NaN,NaN,NaN,NaN,NaN,NaN,NaN,NaN,0.535700285987279,0.656013578440546,0.79720941950698
1963-07-01,12361,100566.3,12.8259151962075,5.33333333333333,0.2011668,NaN,NaN,NaN,NaN,NaN,NaN,NaN,NaN,0.531287350315258,0.654301127484954,0.797741079403989
1963-10-01,12863,103722.8,12.8522517777193,5.1,0.2796681,NaN,NaN,NaN,NaN,NaN,NaN,NaN,NaN,0.53582770836168,0.657749514316584,0.796836290777839
1964-01-01,13163,106295.8,12.878588359231,4.86666666666667,0.1966375,NaN,NaN,NaN,NaN,NaN,NaN,NaN,NaN,0.543221330082652,0.658047154816831,0.79381184349982
1964-04-01,13379,106687.5,12.9575981037661,4.76666666666667,0,NaN,NaN,NaN,NaN,NaN,NaN,NaN,NaN,0.528438393480002,0.646989313103185,0.792935745164858
1964-07-01,13669,107799.3,13.0366078483013,4.56666666666667,0.1345714,NaN,NaN,NaN,NaN,NaN,NaN,NaN,NaN,0.549383380648778,0.671821036090696,0.809654501135732
1964-10-01,13856,108381.3,13.062944429813,4.43333333333333,0.2196676,NaN,NaN,NaN,NaN,NaN,NaN,NaN,NaN,0.617909443958604,0.729312366658078,0.830844162073543
1965-01-01,14341,111793,13.1156175928364,4.13333333333333,0.3212335,NaN,NaN,NaN,NaN,NaN,NaN,NaN,NaN,0.554893620172724,0.679116046633128,0.811098782324601
1965-04-01,14691,112864,13.2473005003951,4.16666666666667,0.1577785,NaN,NaN,NaN,NaN,NaN,NaN,NaN,NaN,0.537121510775203,0.663522191709819,0.803199959750953
1965-07-01,15043,114401,13.3526468264419,3.76666666666667,0.1156872,NaN,NaN,NaN,NaN,NaN,NaN,NaN,NaN,0.547102128021962,0.670222622126072,0.80613627903911
1965-10-01,15583,117214.8,13.4316565709771,3.4,0,NaN,NaN,NaN,NaN,NaN,NaN,NaN,NaN,0.546893798369434,0.672431626427962,0.812216946514549
1966-01-01,16107,119458.5,13.5896760600474,3.36666666666667,0.5069708,NaN,NaN,NaN,NaN,NaN,NaN,NaN,NaN,0.567043450820544,0.693479968957107,0.82528380329396
1966-04-01,16648,121991,13.7740321306294,3.1,0.1052964,NaN,NaN,NaN,NaN,NaN,NaN,NaN,NaN,0.588284957632238,0.711488667884537,0.836871409468164
1966-07-01,16866,121961.8,13.8793784566763,3.43333333333333,0.1881232,NaN,NaN,NaN,NaN,NaN,NaN,NaN,NaN,0.593558461977724,0.717480517512303,0.84320889268111
1966-10-01,17189,123453.8,13.9320516196998,3.4,0.3100775,NaN,NaN,NaN,NaN,NaN,NaN,NaN,NaN,0.600563035665347,0.722572037086044,0.846628046461841
1967-01-01,17396,123182.3,14.0110613642349,3.7,0.1503533,NaN,NaN,NaN,NaN,NaN,NaN,NaN,NaN,0.608918325709214,0.730097713015245,0.851536955171989
1967-04-01,17960,125774.3,14.2217540163287,3.73333333333333,0.141004,NaN,NaN,NaN,NaN,NaN,NaN,NaN,NaN,0.598053036493132,0.721123398559087,0.850212420584649
1967-07-01,18121,126224.3,14.4324466684224,3.66666666666667,0.1451589,NaN,NaN,NaN,NaN,NaN,NaN,NaN,NaN,0.614848787350453,0.739404245274602,0.862500761125297
1967-10-01,18435,126735,14.4851198314459,4.16666666666667,0.4927322,NaN,NaN,NaN,NaN,NaN,NaN,NaN,NaN,0.635746931785698,0.758466822481926,0.87228185247238
1968-01-01,18852,127785.8,14.6431393205162,4.43333333333333,0.1244865,NaN,NaN,NaN,NaN,NaN,NaN,NaN,NaN,0.637984675819513,0.758182215648725,0.870174697045819
1968-04-01,19440,131258.5,14.7221490650514,4.53333333333333,0.1604621,NaN,NaN,NaN,NaN,NaN,NaN,NaN,NaN,0.602510679157301,0.727936674054365,0.858152651974285
1968-07-01,19886,133053.8,14.9855148801686,4.53333333333333,0.0910332,NaN,NaN,NaN,NaN,NaN,NaN,NaN,NaN,0.581610342176298,0.709036776230609,0.848305251645898
1968-10-01,20391,134891,15.1171977877272,4.46666666666667,0.1896813,NaN,NaN,NaN,NaN,NaN,NaN,NaN,NaN,0.588867823820603,0.716244333358034,0.854213347391012
1969-01-01,20969,136655.5,15.1962075322623,4.26666666666667,0.4663092,NaN,NaN,NaN,NaN,NaN,NaN,NaN,NaN,0.595660467232248,0.730550158230199,0.869204005710883
1969-04-01,21391,137329,15.512246510403,4.36666666666667,0,NaN,NaN,NaN,NaN,NaN,NaN,NaN,NaN,0.618388152506716,0.758131179754964,0.893812133318495
1969-07-01,21806,138803.5,15.696602580985,4.4,0.1005429,NaN,NaN,NaN,NaN,NaN,NaN,NaN,NaN,0.625338964742558,0.763521800653716,0.896550599836331
1969-10-01,22352,140790.3,15.7756123255201,4.6,0.1123217,NaN,NaN,NaN,NaN,NaN,NaN,NaN,NaN,0.635643388614875,0.771458981520197,0.899419242462544
1970-01-01,22865,141700,15.9599683961022,4.86666666666667,0.2527806,NaN,NaN,NaN,NaN,NaN,NaN,NaN,NaN,0.663367924441042,0.799516652139366,0.914441999918853
1970-04-01,23071,141694.3,16.0389781406373,5.76666666666667,0,NaN,NaN,NaN,NaN,NaN,NaN,NaN,NaN,0.663631407587922,0.799642899558417,0.911619676726759
1970-07-01,23549,143157.3,16.1706610481959,6.16666666666667,0.1027432,NaN,NaN,NaN,NaN,NaN,NaN,NaN,NaN,0.663754460804211,0.79601081696182,0.904355312705187
1970-10-01,23751,143412.5,16.0916513036608,6.1,0.1184694,NaN,NaN,NaN,NaN,NaN,NaN,NaN,NaN,0.719860971341061,0.836087239542503,0.916469088215657
1971-01-01,24097,142589.8,16.1706610481959,6.23333333333333,0.5182421,NaN,NaN,NaN,NaN,NaN,NaN,NaN,NaN,0.656094156658691,0.785877052173981,0.899832261043268
1971-04-01,25105,146725.8,16.3813537002897,6.26666666666667,0.152439,NaN,NaN,NaN,NaN,NaN,NaN,NaN,NaN,0.62013544949773,0.750081421097866,0.88319061001408
1971-07-01,25934,150805.3,16.6710560969186,6.1,0.1069976,NaN,NaN,NaN,NaN,NaN,NaN,NaN,NaN,0.635044051765756,0.75808767212472,0.883551316583566
1971-10-01,26632,152472.8,16.7764024229655,6.13333333333333,0.6402048,NaN,NaN,NaN,NaN,NaN,NaN,NaN,NaN,0.624381735449191,0.755791960938631,0.88466493273273
1972-01-01,27064,151940,16.9870950750593,5.96666666666667,0.4048583,NaN,NaN,NaN,NaN,NaN,NaN,NaN,NaN,0.617074992491843,0.747818766782726,0.87883949865225
1972-04-01,28091,156240,17.1451145641296,6.06666666666667,0.1687337,NaN,NaN,NaN,NaN,NaN,NaN,NaN,NaN,0.584033272551121,0.718649192043791,0.864831483530538
1972-07-01,28623,156675.5,17.5138267052937,6.36666666666667,0,NaN,NaN,NaN,NaN,NaN,NaN,NaN,NaN,0.621181654249976,0.754165032454682,0.882543772459678
1972-10-01,29846,160387.8,17.6455096128522,6.46666666666667,0,NaN,NaN,NaN,NaN,NaN,NaN,NaN,NaN,0.640297555924628,0.775025141540755,0.896625336555399
1973-01-01,31215,164576,17.9615485909929,5.86666666666667,0,NaN,NaN,NaN,NaN,NaN,NaN,NaN,NaN,0.674875711261358,0.815038253550081,0.926209518019669
1973-04-01,32538,166361,18.3565973136687,5.4,0,NaN,NaN,NaN,NaN,NaN,NaN,NaN,NaN,0.697024241081855,0.848739579997326,0.959851370878885
1973-07-01,33663,166963.3,18.9096655254148,5.4,0.2297794,NaN,NaN,NaN,NaN,NaN,NaN,NaN,NaN,0.781177234573208,0.935956853102102,1.01140107935802
1973-10-01,35664,170083.5,19.2520410850672,5.53333333333333,0.2132878,NaN,NaN,NaN,NaN,NaN,NaN,NaN,NaN,0.781701959111713,0.931680616301255,1.01343496505715
1974-01-01,37356,171344.5,19.6997629707664,5.23333333333333,0.309374,NaN,NaN,NaN,NaN,NaN,NaN,NaN,NaN,0.771779641042921,0.916324900690359,1.00555606581754
1974-04-01,39022,173219.5,20.3845140900711,5.2,0.875,NaN,NaN,NaN,NaN,NaN,NaN,NaN,NaN,0.765678093197583,0.91776947596682,1.00913528324816
1974-07-01,40596,173067.3,20.9902554648407,5.26666666666667,0.2640148,NaN,NaN,NaN,NaN,NaN,NaN,NaN,NaN,0.798169570424401,0.949487236206486,1.02391142219309
1974-10-01,41332,172264.5,21.5959968396102,5.66666666666667,0.0990295,NaN,NaN,NaN,NaN,NaN,NaN,NaN,NaN,0.863013255397701,0.996607634097047,1.02809117057492
1975-01-01,41893,171182,21.991045562286,6.7,0,NaN,NaN,NaN,NaN,NaN,NaN,NaN,NaN,0.829335377655292,0.956530747844635,1.00270285045967
1975-04-01,43437,173406.8,22.5177771925204,6.83333333333333,0.3075977,NaN,NaN,NaN,NaN,NaN,NaN,NaN,NaN,0.763583550868205,0.888444794546212,0.967138332655583
1975-07-01,45582,176663.3,23.2552014748486,6.96666666666667,0.1631055,NaN,NaN,NaN,NaN,NaN,NaN,NaN,NaN,0.714945257380082,0.837776161435837,0.936178015846478
1975-10-01,47133,178724,23.7292599420595,7.13333333333333,0.0911993,NaN,NaN,NaN,NaN,NaN,NaN,NaN,NaN,0.65151113957468,0.783513517938142,0.910089628218253
1976-01-01,49072,181821,24.0716355017119,6.93333333333333,0.3696584,NaN,NaN,NaN,NaN,221.366666666667,718.166666666667,31.7422524988543,38.2678184086818,0.632603508353357,0.764218029293153,0.897509829737622
1976-04-01,51567,185755.3,24.4140110613642,6.86666666666667,0.0437331,NaN,NaN,NaN,NaN,230.266666666667,718.133333333333,29.905169068708,35.6413888060028,0.602888732762215,0.733040355160403,0.878696648464671
1976-07-01,52116,186582.5,24.7827232025283,7.16666666666667,0,NaN,NaN,NaN,NaN,237.666666666667,753.4,31.3050172318035,37.6594158393723,0.591238700765115,0.719380773867263,0.869020659376902
1976-10-01,53252,186967,25.1250987621807,7.43333333333333,0.3239391,NaN,NaN,NaN,NaN,244.366666666667,785.966666666667,29.8773438340978,35.5056856711219,0.62175343234609,0.7455189353007,0.877118950660189
1977-01-01,54973,189625.8,25.6518303924151,7.76666666666667,0.1794473,NaN,NaN,NaN,NaN,250.5,829.933333333333,29.4277925569718,34.887168155005,0.619540176022374,0.742898267717994,0.8740787465258
1977-04-01,56193,190644.5,26.3102449302081,7.83333333333333,0,NaN,NaN,NaN,NaN,262.333333333333,842.933333333333,30.7528314403463,36.7669542512258,0.565948164864536,0.698764172770091,0.858663909389168
1977-07-01,57426,191653,26.8633131419542,8.2,0.122489,NaN,NaN,NaN,NaN,276.166666666667,885.9,29.2730514023221,34.6409968702689,0.564029499069779,0.694645117994868,0.857495885577242
1977-10-01,58987,194683.3,27.4163813537003,8.46666666666667,0,NaN,NaN,NaN,NaN,272.3,921.8,29.9254202979672,35.5721605249155,0.600137213607598,0.725376300305532,0.867829761944055
1978-01-01,60324,196320.3,27.9694495654464,8.36666666666667,0.1475361,NaN,NaN,NaN,NaN,273.733333333333,920.033333333333,28.7866023567741,33.960350300929,0.650997008086553,0.770241269935985,0.888058199322491
1978-04-01,62162,197667,28.6278641032394,8.46666666666667,0.0610091,NaN,NaN,NaN,NaN,268.933333333333,941.333333333333,28.5433082104173,33.6147139022062,0.613209222443392,0.747367726629005,0.889829105747357
1978-07-01,63794,199553.8,29.3389518040558,8.36666666666667,0.0754546,NaN,NaN,NaN,NaN,276.866666666667,942.866666666667,29.9984720827493,35.6846995754046,0.59635970025219,0.740097599302468,0.897480357338832
1978-10-01,65764,201303.8,29.8393468527785,8.26666666666667,0.0969744,NaN,NaN,NaN,NaN,284.166666666667,936.1,30.0370247020724,35.7315343296157,0.610509048440649,0.756840601208179,0.910871378157594
1979-01-01,67838,202978.5,30.4714248090598,8.03333333333333,0,NaN,NaN,NaN,NaN,276.666666666667,920.166666666667,30.931139720174,37.0164817395964,0.660653027086792,0.797225468850326,0.928741464579314
1979-04-01,71029,205712.8,31.3141954174348,7.66666666666667,0.147656,NaN,NaN,NaN,NaN,276.7,878.866666666667,33.6186164597231,40.9845830443464,0.71654608525916,0.8463687274919,0.961360678465868
1979-07-01,73225,207136.3,31.9199367922044,7.1,0.0811491,NaN,NaN,NaN,NaN,268.466666666667,823.033333333333,33.3277946100195,40.5538765054842,0.722530145103014,0.863421986746993,0.989517054793258
1979-10-01,75481,208515,32.6573610745325,7.2,0.0880049,NaN,NaN,NaN,NaN,281.8,842.7,32.9773864089167,40.0259601834203,0.761035376291144,0.91893079881601,1.04189741317445
1980-01-01,77439,209975,33.368448775349,7.56666666666667,0.4079967,NaN,NaN,NaN,NaN,305.5,890.833333333333,32.6165116263491,39.4782584497838,0.868236066984266,1.02847996755566,1.10756597801582
1980-04-01,79302,209908.3,34.2902291282592,7.73333333333333,0.2670049,NaN,NaN,NaN,NaN,293.666666666667,916.833333333333,32.0705396347227,38.6902791012122,0.964058164398693,1.12829415917519,1.16302193281441
1980-07-01,81180,209667.3,35.2646826441928,7.5,0.1464236,NaN,NaN,NaN,NaN,286.466666666667,896.566666666667,31.9823461271204,38.5594961257451,0.90517718218926,1.06424824678819,1.12794551826242
1980-10-01,84826,212561,36.2391361601264,7.26666666666667,0.1061515,NaN,NaN,NaN,NaN,271.866666666667,868.3,31.1545225776597,37.3471793774597,0.852887837594716,1.01730343531558,1.11188105180711
1981-01-01,88998,217245.8,37.4769554911772,7.4,0.0777847,NaN,NaN,NaN,NaN,293.9,898.166666666667,33.4217612304445,40.6962318689538,0.836374105475093,1.0082828731931,1.11620427976358
1981-04-01,91998,219687.5,38.5830919146695,7.16666666666667,0,NaN,NaN,NaN,NaN,285.033333333333,877.8,32.7445224476568,39.6757880271038,0.830061198193242,0.998825188936255,1.11099140161321
1981-07-01,93205,217715.3,39.7419015011852,7.46666666666667,0.0876347,NaN,NaN,NaN,NaN,303.4,914.833333333333,29.2843852360815,34.876104696498,0.830607397251796,0.996671770446934,1.10347377879464
1981-10-01,94157,216718.5,40.7163550171188,8.43333333333333,0,NaN,NaN,NaN,NaN,338.733333333333,1037.2,31.4776275552139,37.8129693780615,0.84758994540941,1.00809316942383,1.09558332120776
1982-01-01,95751,214169,41.7434816960759,8.93333333333333,0,0.849546244738606,0.906863059470191,0.93265847972495,NaN,334.4,1097.4,26.8463739564029,31.2701821125442,0.870382118754478,1.01443922400733,1.08169635123154
1982-04-01,96629,211690.8,43.0339741901501,10.4,0,0.861536975821882,0.914995227812166,0.940640202818174,NaN,372.366666666667,1280.16666666667,23.0536910609326,26.2343393144412,0.81568530236102,0.966693406107293,1.06105470538628
1982-07-01,97390,209835.3,43.9557545430603,12.1,0.1086012,0.852695558527121,0.906193568542986,0.932738754337356,NaN,375.633333333333,1490.1,22.0262881926551,24.9146579238718,0.784233055115819,0.938451653231853,1.04084822648885
1982-10-01,98411,207899.3,44.640505662365,12.9666666666667,0,0.848768399935111,0.904447215966406,0.931707386565409,NaN,373.9,1608.96666666667,22.8272554009705,25.9215627003033,0.760963761903626,0.903045429723489,1.00529867024167
1983-01-01,100809,211377,44.9565446405057,12.6333333333333,0,0.828861788718673,0.8855207111023,0.917181683227987,NaN,341.033333333333,1567.03333333333,22.6113268808446,25.6343877558422,0.738911232618386,0.868454342409667,0.971412367220969
1983-04-01,103951,215531.5,45.5622860152752,12.4,0,0.808145864972043,0.865610703257071,0.902863257475906,NaN,351.6,1555.83333333333,23.6798462677882,27.0448548469754,0.682165107933086,0.814920500684158,0.94092459455464
1983-07-01,107240,217942,46.2997102976034,11.6666666666667,0,0.78828348884625,0.8481911100028,0.890518770785438,NaN,341.2,1465.9,24.9282723091123,28.6746268686463,0.653354409745097,0.78557318368956,0.922413744823208
1983-10-01,109316,220688.5,46.7210956017909,11.3,0,0.766829925917805,0.828434182044653,0.877299786854907,NaN,341.8,1421.4,24.5866649358399,28.2283855913255,0.622383839415681,0.75608158725474,0.905822066439434
1984-01-01,111960,224485,47.274163813537,11.3,0.04884,0.753699972721499,0.816972092381899,0.869228720123304,NaN,363.566666666667,1424.46666666667,24.9284514613703,28.6786643374348,0.632749385009697,0.76333489599258,0.906815494655437
1984-04-01,114888,228875.8,47.6692125362128,11.5,0.0445812,0.744383735564343,0.810639968104841,0.865631051907715,NaN,370.566666666667,1464.3,26.1667872232226,30.3579415757922,0.609828110685037,0.746946167790879,0.907484461617926
1984-07-01,116295,229838.3,48.0642612588886,11.4333333333333,0,0.726350029771196,0.795561273254073,0.85706846169712,NaN,395.833333333333,1465.36666666667,26.1713332482437,30.4300589477632,0.617225788906505,0.754492163649059,0.916541219873622
1984-10-01,118843,233480,48.4329734000527,11.2666666666667,0,0.722674345218545,0.792201522333643,0.853968422069464,NaN,368.4,1447.93333333333,27.2455444035694,31.8373135555724,0.620882226817688,0.759449049301397,0.923991089609043
1985-01-01,121524,237027.5,48.9860416117988,10.8,0,0.720453412529132,0.790740611677422,0.853473730242834,100.404535738634,358.4,1390.7,24.9097473085281,28.6696764208202,0.622222872888247,0.762472413281207,0.926270113766428
1985-04-01,123838,237783,49.5654464050566,10.7,0,0.723135952482539,0.793325493133295,0.854581657684332,64.0395277120058,362.666666666667,1389.16666666667,27.0226533169444,31.5136045017066,0.617934510584599,0.757824214617313,0.923410793109243
1985-07-01,125968,240799.8,50.0395048722676,10.3,0,0.72321493632648,0.793225228282275,0.854872530924843,81.806892969033,358.566666666667,1346.06666666667,27.1167182877153,31.6364367999723,0.605232650216681,0.743398657914332,0.908770643454616
1985-10-01,128697,244495.5,50.4345535949434,10.2333333333333,0,0.731536919976246,0.799375086750823,0.857321385772965,72.0799111409195,366.766666666667,1343.9,28.2752642048279,33.2435592502549,0.627987775203057,0.765061595597135,0.916832976616285
1986-01-01,129653,244422,51.0929681327364,9.83333333333334,0,0.745586695453159,0.810709764079614,0.864049567824601,91.6602656413546,364.6,1300.86666666667,28.5323586579954,33.5954933476236,0.675391269334661,0.809201594549404,0.937762690343681
1986-04-01,130961,245811.5,51.5143534369239,9.6,0,0.74815193776663,0.812234093242368,0.865730210370936,73.6902480686216,363.8,1272.2,28.8204084473808,34.0038881660498,0.663399964293983,0.799622383743883,0.931153418192459
1986-07-01,132555,246121.8,52.1200948116934,9.56666666666667,0,0.732445623209101,0.801622804410339,0.861284394338365,99.0726496067949,354.4,1271.36666666667,28.167385631892,33.0865001135396,0.646611426206735,0.782461768947945,0.918539247646085
1986-10-01,133461,244344.5,52.6468264419278,9.43333333333333,0,0.738714300390395,0.807729396418284,0.864809517141361,73.2343491194425,350.1,1257.06666666667,27.075392347187,31.5755348667441,0.653125907367802,0.785906798503023,0.917243777727619
1987-01-01,138121,249982,53.1472214906505,9.46666666666667,0,0.747278193705282,0.818152930691518,0.872504869272003,59.5282620842929,343.2,1269.63333333333,27.9834687400014,32.8327641147318,0.6595658178678,0.791078680912557,0.920352950186595
1987-04-01,141855,253210.8,53.9109823544904,9,0,0.749485455082142,0.819288033109434,0.87350724198943,74.8272094990245,333.233333333333,1214,28.5852182405086,33.6708108192116,0.606323817473066,0.742313875887853,0.89846767268303
1987-07-01,145420,257064.8,54.4903871477482,8.56666666666666,0,0.749157634506867,0.816304819227258,0.870997363437613,50.0229938709474,328.433333333333,1164.1,29.6223211678017,35.1300327524324,0.600889663880391,0.739185395522333,0.896107053871695
1987-10-01,148940,260385.8,54.8590992889123,8.16666666666666,0.0507022,0.74266994754741,0.81141002043938,0.869190565721697,126.701688672911,326.933333333333,1113.33333333333,30.3255376820411,36.1371779302412,0.627177240697578,0.765135740371383,0.909914781103813
1988-01-01,152737,264182,55.3331577561233,7.9,0.0854847,0.742102354335673,0.809463513571109,0.866921910610141,73.169758279592,335.333333333333,1080.9,31.560840992434,37.9455942869769,0.605221813717079,0.744457924022667,0.901707662390557
1988-04-01,155292,266521.8,56.0442454569397,7.7,0,0.73328450860127,0.802673108534209,0.863472036912463,50.8727287526706,312.333333333333,1055.83333333333,29.9962100280641,35.673441262707,0.573300862098482,0.713785472700618,0.88752283131702
1988-07-01,157848,266546,56.6499868317092,7.8,0,0.721313960012439,0.792660828664654,0.856759236817729,67.1557383304876,331.733333333333,1077.06666666667,30.1209874042426,35.8421769813556,0.567204523248405,0.703803351856177,0.879882304090122
1988-10-01,161017,268405,57.0977087174085,7.7,0.0914244,0.716177311120926,0.789293002550849,0.855330500988771,80.8375788371965,319.866666666667,1063.26666666667,31.1245479358152,37.3166144929703,0.577442378634357,0.712521241755274,0.882977339492662
1989-01-01,164040,271466.8,57.8087964182249,7.53333333333333,0.1012556,0.722907669104148,0.794705858871967,0.858004251056586,52.5000993877078,320.233333333333,1056.5,29.7661208878134,35.3345822354496,0.621640352148033,0.750250935114487,0.89481087649472
1989-04-01,167448,272504.3,58.8095865156703,7.66666666666667,0,0.718248707317924,0.792088872765433,0.857426752079818,71.0545545528419,328.133333333333,1072.83333333333,31.1258103835408,37.2950387277795,0.623610538179056,0.758173572746946,0.905184439039478
1989-07-01,169783,273479.3,59.6523571240453,7.36666666666667,0,0.712338044783218,0.787460080601596,0.85387962497565,63.3704794261878,312.933333333333,1036.13333333333,31.391371490336,37.6925943265032,0.627824139800048,0.761804364963968,0.905027300382999
1989-10-01,170308,272895.5,60.0737424282328,7.46666666666667,0,0.713775268388535,0.789726056096948,0.855697545520892,69.9251490785152,331.533333333333,1050.8,29.2142927304427,34.5522642344378,0.627403232499735,0.759965431828643,0.896339385652219
1990-01-01,172982,275468.3,60.9428496181196,7.63333333333333,0.0945805,0.728152666771247,0.801592605324775,0.863082640106156,86.7393552416136,334.666666666667,1082.16666666667,31.5074611303018,37.918637249047,0.672153674890869,0.797294620084925,0.908956227262487
1990-04-01,173906,274327.5,61.5222544113774,7.66666666666667,0.094304,0.750496093642618,0.82113418666655,0.875367308480012,134.716406020522,339.533333333333,1087.56666666667,30.1214675758077,35.8962963733162,0.64445447740465,0.778058756526314,0.905450287885605
1990-07-01,174421,272386.5,62.127995786147,8.16666666666666,0.1569612,0.76508356008317,0.833018983474643,0.884244061389593,107.655253845409,365.166666666667,1169.46666666667,28.8321668071868,34.0203131498726,0.6534088498153,0.792904423212886,0.918695615315361
1990-10-01,174192,269959,63.0497761390572,9.13333333333333,0.0790264,0.800036767259316,0.858959038575237,0.899171667637515,145.916478425201,388.133333333333,1307.13333333333,25.9424695712733,30.0336972255296,0.675422143693485,0.812430512668397,0.92808454307512
1991-01-01,173502,266106.5,64.8670002633658,10.1666666666667,0.2933627,0.843459327981716,0.891384065932606,0.919842109983745,152.367848631199,417.766666666667,1449.63333333333,27.215384515569,31.7747033750526,0.663979205536872,0.798334213481345,0.922218754630982
1991-04-01,175393,267347.3,65.3410587305768,10.3333333333333,0.201464,0.801723006192023,0.859889104430377,0.902000324439794,104.70790319958,388.9,1484.33333333333,24.9395268019468,28.715811720264,0.622046492091351,0.750416870666426,0.892201951164927
1991-07-01,176199,267705.3,65.7361074532526,10.4333333333333,0.0744048,0.768770312349203,0.832113800893022,0.882559531405593,94.1844256171828,382.9,1500.1,26.3218814303589,30.5531102095701,0.584517983512196,0.715232361844444,0.872911235085916
1991-10-01,176679,268199.3,65.6307611272057,10.3333333333333,0,0.761800584288974,0.825499913563509,0.87806481781789,128.030979563863,373.3,1478.8,24.8869126735809,28.6183777498616,0.575649671679193,0.71125459317503,0.873026680734987
1992-01-01,177502,268394.8,65.8941269423229,10.6,0,0.761801469736981,0.823257153523761,0.873868926955774,126.182919641937,387.2,1513.6,24.355709236607,27.9174109067836,0.581017184553778,0.715470939094998,0.875637278697894
1992-04-01,178686,268722.5,66.2365025019752,11,0.3941974,0.741659146777903,0.80777607807701,0.865962139438609,96.6198303031788,393.933333333333,1576,24.0480629360671,27.5186546020375,0.56843099583908,0.701132569742825,0.867850188239188
1992-07-01,180415,270165.5,66.5262048986042,11.5333333333333,0.0708516,0.731131089047905,0.79881163789292,0.859912410589486,114.841581801421,396.3,1655.83333333333,23.0352166237374,26.1946511530813,0.569787141672126,0.699183104399827,0.86629720896759
1992-10-01,181833,271702.5,66.8159072952331,11.7333333333333,0.3029691,0.735978308554278,0.801157122497574,0.860486839496913,166.28793560191,399.766666666667,1688.6,23.9115586442846,27.4288348681351,0.578186601898725,0.701477161694475,0.866804011334653
1993-01-01,183488,273441.3,67.289965762444,11.1333333333333,0.5843511,0.744125882059045,0.804669262778595,0.860200037218472,104.731702518232,359,1594.56666666667,21.8024938374667,24.6128723823984,0.571761208052132,0.693090202509642,0.857228801138625
1993-04-01,186340,275930.8,67.4216486700026,11.6333333333333,0.1870557,0.729111317735498,0.79558968803908,0.855899230947273,94.7354539250513,390.233333333333,1677.86666666667,23.0084875179581,26.1501262142725,0.546417074964088,0.673751755637371,0.844239960108208
1993-07-01,187517,278560.5,67.6850144851198,11.4333333333333,0.3054928,0.729170931220923,0.796398246125994,0.857262227639036,119.766580687413,385.8,1656.16666666667,23.9308014583642,27.3835575209533,0.52993785195562,0.660630908321888,0.839793516578465
1993-10-01,189692,279763,68.0273900447722,11.3,0.2820715,0.725373966209159,0.795114738497255,0.856262321227853,107.509736119338,381.1,1635.76666666667,23.0224328707612,26.1674784718788,0.550431129448183,0.675947855176371,0.84869601648127
1994-01-01,193164,283885.5,67.6586779036081,11.0333333333333,0.1148963,0.735300638452389,0.803413990670279,0.861227596257834,95.3878813044975,369.533333333333,1596.4,24.5991893900147,28.2747430584806,0.572946993314749,0.69791173508582,0.862637026512081
1994-04-01,195915,288034,67.4216486700026,10.6333333333333,0.376425,0.74361654755518,0.81071998412942,0.866107788557404,154.510447478635,363.833333333333,1547.43333333333,25.3907066661834,29.2932932776422,0.548993585408835,0.683530515389914,0.861752216838444
1994-07-01,200196,291716.3,67.7903608111667,10.1333333333333,0.3514115,0.735599796290273,0.803807045851299,0.862942142379387,131.021422908931,368.233333333333,1480.06666666667,25.2332514950137,29.087146690828,0.542064479101305,0.677381529547706,0.858838842484183
1994-10-01,202697,293844.8,68.0010534632605,9.76666666666666,0.1273723,0.720559476688518,0.791680992251963,0.854825303589178,94.5590189938678,350.066666666667,1427.43333333333,25.3121719369005,29.1898152829947,0.545826223194664,0.681585395015866,0.863108572127085
1995-01-01,205993,296576,68.6858045825652,9.63333333333333,0.1223092,0.716929264541275,0.788653018116878,0.852168256600606,161.147594799145,362.5,1410.7,26.5018304919565,30.8131202028181,0.558772828574948,0.692815354278674,0.867839399517846
1995-04-01,207214,296695.8,69.2388727943113,9.5,0.3932143,0.701535769448394,0.775801118110777,0.845407778213529,108.968859865937,368.166666666667,1392.36666666667,26.2961043028827,30.5117331091567,0.560614702382035,0.69235191171869,0.865036697963438
1995-07-01,208244,297086.8,69.3705557018699,9.43333333333333,0,0.68303223264003,0.760171308604114,0.834706706577661,102.587161950943,367.6,1393,26.7632012597171,31.1594721357477,0.55209401145104,0.686364261323695,0.859464489682897
1995-10-01,210170,298304.3,69.3968922833816,9.3,0.2553137,0.676977979100813,0.754589875140159,0.830547032817928,224.627055164263,356.2,1368.76666666667,25.6702351017994,29.6741101877075,0.561798517275204,0.694855395494398,0.859790227030886
1996-01-01,211052,298509.5,69.6865946800106,9.5,0.2682044,0.672171494981662,0.751769239539637,0.828450523560319,174.622403317934,362.233333333333,1406.33333333333,25.7967683238482,29.8546465148501,0.597622811912019,0.724865960000719,0.872140058235299
1996-04-01,213226,300588,70.2396628917567,9.43333333333333,0.1423488,0.671522267776099,0.751293205748482,0.8274474803144,119.426259458231,370.733333333333,1399.33333333333,25.6343827588606,29.6608319271395,0.558419152173236,0.693222775120238,0.860041945639026
1996-07-01,216136,303185,70.3450092178035,9.66666666666666,0.1396258,0.675556971749847,0.754148348216925,0.828226353178708,108.771231671366,387.233333333333,1443.1,27.4066737630791,32.0799212463249,0.542738133073286,0.677772755874655,0.852254802244752
1996-10-01,219420,305626.8,70.766394521991,9.83333333333334,0.1332534,0.688240909689686,0.763946449877512,0.83320561373357,138.614785962442,469.233333333333,1467.9,33.954328842157,41.4908663905029,0.542827898634699,0.67747701051631,0.853272392838671
1997-01-01,222937,309658.5,71.1614432446668,9.43333333333333,0.1387347,0.690308155053591,0.765072739615886,0.834372077906735,103.12523948109,469.066666666667,1412.63333333333,33.1376221137121,40.2607567624635,0.545475726223969,0.679613259290225,0.852528445682833
1997-04-01,224853,313156.5,71.3721358967606,9.3,0.0750525,0.700146484282668,0.772232230267943,0.83871094292497,82.7825179402165,448.966666666667,1399.83333333333,32.4998367176831,39.3046222396029,0.545057907895443,0.677998978831463,0.848923366685474
1997-07-01,228141,316862.5,71.5564919673426,8.86666666666667,0.0716486,0.705368674266217,0.776896649685825,0.842317835558014,53.6356974138523,419,1342.83333333333,31.3758738007312,37.6544401487207,0.552323346636144,0.682720340996421,0.849040163996568
1997-10-01,230995,319930.8,71.5038188043192,8.76666666666667,0.0872829,0.697951872282194,0.771162450586073,0.839972862537579,79.3441303898365,405.966666666667,1325.6,31.2632119843972,37.5264903235437,0.550018257165204,0.681380880280121,0.849024185697342
1998-01-01,233653,324449.5,71.898867526995,8.6,0.1620746,0.700167556596837,0.772804662427268,0.839269504232011,109.334314215789,414.9,1304.63333333333,32.4686909017162,39.2644214959143,0.558797892741621,0.689548547502387,0.851259614692484
1998-04-01,233803,324622.8,72.083223597577,8.33333333333334,0,0.702113910910278,0.774100638576606,0.840720595385772,96.6930502185587,404.733333333333,1267.8,32.3281580723243,39.058233817745,0.579654009593894,0.711651918357113,0.862787554897971
1998-07-01,234718,327577.5,72.1622333421122,8.2,0.3976143,0.702608694676241,0.775525676103654,0.842044321408754,141.322053878307,407.533333333333,1258,33.0581273982252,40.1536453403857,0.617130464210113,0.751431184311131,0.889441969716389
1998-10-01,238374,332034.8,72.2939162496708,8.03333333333333,0.1590963,0.711068502990995,0.780571838777525,0.843777981886477,153.623735698903,391.133333333333,1244.06666666667,31.0921117209322,37.2604124559619,0.595934577288547,0.734686005354391,0.891850947590264
1999-01-01,243810,338057.3,72.4519357387411,7.9,0,0.715570360458214,0.784836414527247,0.847035060600558,66.4511030098159,391.433333333333,1222.76666666667,31.9553820275038,38.5106154145374,0.592565207689085,0.730669177132539,0.887010378274229
1999-04-01,248543,340885.3,73.2420331840927,7.9,0,0.708000426869695,0.781099253851493,0.845707968982628,56.5620477524571,404.566666666667,1231.66666666667,34.0747776489505,41.6831925219474,0.587733917611524,0.730331390440315,0.888486969221714
1999-07-01,255327,346219,73.7424282328154,7.5,0,0.708125438135863,0.780542142709303,0.845195561947217,52.9185847186001,378.2,1169.83333333333,33.1909964024828,40.3509146725906,0.579836952924909,0.722403084272477,0.887877593404079
1999-10-01,260247,351089.3,74.0057940479326,6.96666666666667,0,0.714523402659156,0.785716361042276,0.848611667750143,52.258464996589,353.1,1089.83333333333,33.9209211894864,41.451752257751,0.603602359141767,0.741803849336321,0.896830639529854
2000-01-01,267547,356705.8,74.3745061890966,6.86666666666667,0,0.725572558993368,0.792663135152812,0.852243233823082,43.9912039107506,350.4,1077.16666666667,32.6663646556167,39.5648425397252,0.641854586431398,0.774978167147525,0.909158201461427
2000-04-01,274862,360945.5,75.0329207268896,6.66666666666667,0,0.717104164889598,0.786738524612177,0.849118836443913,50.8105569739263,358.566666666667,1057.66666666667,34.394784350252,42.1526085649829,0.677379815455513,0.809034978046576,0.929951971536342
2000-07-01,280442,364616.3,75.7440084277061,6.9,0,0.717906064330565,0.787309258091245,0.849690660182405,47.0515128907065,384.5,1095.06666666667,34.7050291541273,42.6801966944873,0.668528395890997,0.804482063502567,0.928662872957675
2000-10-01,283220,365240.5,76.2707400579405,6.9,0.0747496,0.723099342394057,0.791901930737669,0.851989168284556,71.6120712980199,405.366666666667,1104.76666666667,37.1100982789546,46.3933920110758,0.672579409707749,0.810743645127549,0.934204137585869
2001-01-01,287481,367175,76.4287595470108,7,0.2838691,0.739753637636281,0.805283880285198,0.859380603803603,101.56941265589,430.733333333333,1121.7,37.6599821474625,47.2605573959642,0.686399687517236,0.824263850735543,0.939624835541285
2001-04-01,288215,368164.5,77.7192520410851,7.1,0.2977963,0.742099551727226,0.808804016389375,0.862260013157272,88.4783799148244,420.033333333333,1145.96666666667,37.0076630394025,46.2583801894148,0.685056049711644,0.81844532833743,0.929043662006444
2001-07-01,284701,367919.3,77.7982617856202,7.16666666666667,0.2162474,0.74772683130972,0.816649981255709,0.86767731074067,117.329447360179,437.933333333333,1153.43333333333,36.8109428679659,45.9175652336234,0.728314269718145,0.851556989827158,0.935197772201763
2001-10-01,284146,370159.3,77.0871740848038,7.63333333333333,0.5279831,0.746440006390044,0.81480011535421,0.866565699372949,173.181154803935,451.266666666667,1234.23333333333,34.6505288836429,42.6571231989742,0.738491702107001,0.854761931056479,0.928452900975512
2002-01-01,289660,375653.3,77.6139057150382,7.96666666666667,0,0.741098583775041,0.808605828289629,0.862827344801756,99.0624773505334,457.366666666667,1295.63333333333,35.2926721716326,43.5438832190749,0.658089645651386,0.783137958498601,0.898190994416419
2002-04-01,296473,377867.3,78.7727153015539,7.7,0.4920453,0.736610449313921,0.804659545588554,0.859730492288816,81.7989930058314,455.5,1270.93333333333,35.948670458853,44.550380810474,0.60326943279185,0.735732879047234,0.877811903506846
2002-07-01,301036,381137.5,79.6154859099289,7.5,0,0.718444299699363,0.789566036048468,0.851939504368811,111.114930218415,456,1251.2,36.7219403597359,45.7679364627763,0.59544680342352,0.729386890230042,0.876146957263622
2002-10-01,306525,383228.5,80.0105346326047,7.5,0.2759953,0.712768868601785,0.784887996155142,0.848450962885576,133.385484892706,459.5,1261.86666666667,36.6180884121185,45.6078744709674,0.605613034219302,0.740403788508529,0.885601646862207
2003-01-01,312522,385349,81.0903344745852,7.46666666666667,0.1342642,0.712152496012674,0.783639569013247,0.847172595445224,177.951774235579,459,1249.13333333333,36.6099006218126,45.5908816255005,0.641111995732475,0.775178940740928,0.902786522158449
2003-04-01,309430,384780.8,80.9586515670266,7.66666666666667,0.3624764,0.719973215625919,0.790203620824165,0.850260387674329,120.764590247867,469.866666666667,1296.93333333333,35.8136574506855,44.3506899794471,0.641415966966514,0.7798186881272,0.910314870758762
2003-07-01,314574,386218.5,81.2746905451672,7.76666666666667,0.1257783,0.708753476319529,0.780917962621469,0.845500057711248,70.284602261458,473.3,1319.9,35.7181317928944,44.2513115760839,0.627178186709701,0.75940207047397,0.896659414002509
2003-10-01,318221,388883.3,81.4063734527258,7.43333333333333,0.1415729,0.705576869345287,0.778317740313323,0.844182188149943,74.8232979353237,460.1,1269.86666666667,36.7968993880786,45.8824042069965,0.605102812454178,0.734266324691382,0.879399812129846
2004-01-01,324054,391684.3,81.8277587569134,7.3,0,0.702051749584247,0.776273901176209,0.84276549860447,67.3334317026259,460.566666666667,1253.36666666667,37.0229778912587,46.2484670307425,0.590495193024221,0.720482695232949,0.872799104082921
2004-04-01,332037,396336.8,82.7495391098236,7.16666666666667,0.0726216,0.700391647821654,0.775585277688339,0.842864023515915,69.3364799842075,452.7,1227.93333333333,37.9287779661831,47.7382021030337,0.602603694166407,0.735519464636885,0.885612801764075
2004-07-01,337870,401015.3,82.9075585988939,7,0.4152536,0.686693549873051,0.763478614404735,0.83619698198056,68.9296343748553,448.633333333333,1199.03333333333,36.6504892824955,45.6664402972232,0.595707795920328,0.732012810181194,0.882544668575163
2004-10-01,341770,403896.3,83.276270740058,7.13333333333333,0.1446864,0.683468035790451,0.760406096004039,0.832706323890641,66.4072232839203,452.233333333333,1228.6,37.3500358710507,46.7750057106001,0.62541930984964,0.755276613927265,0.890102249063551
2005-01-01,345081,405294,83.5659731366869,6.96666666666667,0,0.686056600153042,0.76204965648849,0.833111835383386,43.1885940387896,448.466666666667,1199.6,38.2339239610964,48.1872360330383,0.637967913842133,0.765833903622911,0.893942113956085
2005-04-01,349902,408234.5,84.3297340005268,6.83333333333333,0,0.689042198332277,0.764290996280638,0.833930082994098,82.7909619170282,441.4,1180.26666666667,37.1554804253615,46.4766411427478,0.630119823462496,0.766332389967364,0.89787240103789
2005-07-01,359248,413179.8,85.0671582828549,6.7,0.2064836,0.688946815249155,0.764307005323717,0.834775878142585,62.195300200039,427.266666666667,1157.8,37.3981357169575,46.8761740066735,0.691516321203442,0.82271548139317,0.919398316311391
2005-10-01,367359,417265,85.1198314458784,6.56666666666667,0.1976545,0.69263994942807,0.766378865221959,0.83563800831987,70.5601834064723,434.533333333333,1132.93333333333,38.3473619805591,48.4518457844534,0.713043766840146,0.846274484776489,0.929692312736018
2006-01-01,369000,420649,85.5412167500659,6.46666666666667,0.1958864,0.702134879271324,0.774986564865895,0.841073625469898,71.2258649407348,431.566666666667,1123.7,39.7260661469849,50.6278613842315,0.671365959584093,0.807310218515463,0.913609586772353
2006-04-01,372679,420866.3,86.4893336844878,6.16666666666667,0.0677186,0.710970568604292,0.783753340313923,0.847241384698866,61.4256892099443,436.1,1081.2,40.3371860924264,51.6995940605984,0.650907740842124,0.786311147206259,0.904412145810877
2006-07-01,376234,422041.5,86.5420068475112,6.4,0.2070393,0.711676882486561,0.785450890787448,0.848977522763441,57.664004259024,447.1,1122.36666666667,40.1859380304666,51.4113120986808,0.655568044020412,0.787966038325403,0.90213239958685
2006-10-01,378691,423723.8,86.278641032394,6.26666666666667,0.1338867,0.714658762201157,0.789746149639461,0.852975788478803,59.8985302272755,430.333333333333,1097.93333333333,38.2273561785462,48.2043981367664,0.647180381561936,0.780597528119784,0.898759359716989
2007-01-01,386819,426434,87.0950750592573,6.23333333333333,0.1358788,0.720881896315502,0.794765722828888,0.856157030451699,65.5589912031043,428.733333333333,1104.9,39.3049508373604,49.9352688436508,0.638333315849974,0.768880953902051,0.894522347636345
2007-04-01,394153,430565.8,88.3855675533316,6.1,0.2765678,0.730911292434626,0.804248475289464,0.863449338498512,58.1693404850458,430.033333333333,1086.93333333333,40.4353315995185,51.8255623288528,0.60930891779297,0.744714079083666,0.889917949055558
2007-07-01,395562,432373.5,88.3855675533316,5.93333333333333,0,0.737400094687675,0.809700463005614,0.866614223732015,62.3808661134059,429.1,1057.5,40.6371529240276,52.1719682787742,0.637588586504547,0.775810235349492,0.913844117094258
2007-10-01,401127,432864.8,88.3592309718199,6.03333333333333,0.076746,0.75022616436538,0.81861873131385,0.871023870440064,84.3456183787551,437.866666666667,1078.1,40.8364084085713,52.5058622587839,0.681667608290233,0.820487892291983,0.942716478826955
2008-01-01,409324,433196.5,88.6489333684488,6.03333333333333,0.2306805,0.764128090935436,0.831238370926118,0.879397691758889,116.437856806166,439.3,1087.16666666667,39.8867061524593,50.9154688002618,0.708590675620279,0.848663829329851,0.964961845650729
2008-04-01,419362,434763.3,90.4661574927574,6.1,0,0.778108241682154,0.847313957025162,0.890508897125731,87.1413099359373,449.266666666667,1096.16666666667,40.4557207430198,51.8593062591694,0.784109628148169,0.911350198350397,0.990028074858083
2008-07-01,423628,438328.5,91.4142744271794,6.1,0,0.78960064976682,0.859986573889114,0.901150379262993,118.418092295981,433,1105.06666666667,38.8512360528919,49.1923150158571,0.936389115384483,1.05643866743126,1.05176161347453
2008-10-01,404727,433246,90.0447721885699,6.56666666666667,0,0.846619473775857,0.912540633779022,0.936113417093989,298.805817289192,493,1194.3,37.3377580092731,46.7896476167389,1.08922995231024,1.19667466674273,1.10428380381878
2009-01-01,389308,423456,89.755069791941,7.86666666666667,0,0.842676028491725,0.905103123331476,0.932280475629903,203.800023896323,542.6,1431,33.6075860980745,40.967441401097,1.00875210877994,1.12050605826291,1.06746785234523
2009-04-01,387122,418835,90.5188306557809,8.56666666666667,0.1013274,0.79620682138797,0.86384075490066,0.904338473641166,116.266920888477,518.433333333333,1561.3,31.9869725116289,38.5549815816717,0.88785811866777,1.00778435523262,1.0142270793945
2009-07-01,391981,420719.5,90.6241769818278,8.56666666666666,0.2029633,0.751064758322541,0.824346191657108,0.876249834722867,93.7824281458261,501.933333333333,1564.53333333333,31.7496354031374,38.2196869324416,0.807675029900519,0.930673648840147,0.974324902530412
2009-10-01,402923,425625.8,90.7558598893864,8.5,0.1854943,0.726656183887381,0.801954143012131,0.860046279550419,113.430476129557,471.033333333333,1553.06666666667,30.8551683340672,36.9086309591893,0.736399588138134,0.862305049046938,0.940174764859194
2010-01-01,411008,430760.3,91.2035817750856,8.3,0.1079214,0.711438414855057,0.786395556685374,0.848464094250249,119.307740889695,470.666666666667,1520.06666666667,31.4203621876553,37.7196381789283,0.720376905444492,0.84504010758127,0.93047509331878
2010-04-01,413310,433014.3,91.7829865683434,8.1,0.2071037,0.703265791832028,0.778966537473503,0.843651244291954,128.866363699558,469.7,1490.23333333333,32.1483424120636,38.7940956083471,0.672110444346524,0.797445292216955,0.910543157020469
2010-07-01,416343,436083,92.2833816170661,8.1,0.2086376,0.691117075450696,0.767793055378918,0.835852372800217,166.998403939985,479.066666666667,1498.3,32.4447545497417,39.2592789925765,0.616589839464264,0.750126551286454,0.887735305518276
2010-10-01,425387,440956.3,92.8101132473005,7.8,0.1017191,0.68908369401719,0.765698477523361,0.832853896750774,178.879887899689,446.833333333333,1438.56666666667,30.6772422554981,36.6669128651151,0.609510697588136,0.739523603362917,0.880333495394866
2011-01-01,434488,444287,93.5738741111404,7.73333333333333,0.0950751,0.687869337997095,0.762813810048598,0.829402671811908,160.534194681509,453.066666666667,1434.9,32.1454024183089,38.7820608785031,0.625508479065461,0.748693375672071,0.879888741304009
2011-04-01,439963,445152.5,94.8643666052146,7.63333333333333,0.1940052,0.686206184906034,0.759771880158472,0.826543862664946,158.587740578475,443.433333333333,1415.46666666667,32.3291454227264,39.0775041108249,0.61615069517781,0.744506647477248,0.880439276119669
2011-07-01,446437,451294,95.0487226757967,7.33333333333333,0.1849796,0.687783081941215,0.760397646332965,0.826235295392736,273.798823570395,461.766666666667,1365.83333333333,33.8492240945663,41.3344967129465,0.622524180252543,0.75245958936126,0.88377766922835
2011-10-01,453175,454848,95.3120884909139,7.5,0.1920123,0.698111435124457,0.765941929721158,0.827313580025388,336.684910752982,479.766666666667,1396.93333333333,33.8751473577883,41.385026674473,0.599372112485263,0.730709445062933,0.871262799846554
2012-01-01,453780,455139.5,95.7598103766131,7.5,0.1964251,0.680389922962484,0.75454257473053,0.82227807484588,202.518558926722,470,1395.33333333333,35.0234994651827,43.1213292753959,0.579205906456464,0.710611841694419,0.858638042025983
2012-04-01,454746,456624,96.3655517513827,7.3,0.2583312,0.668699394830997,0.744932559616002,0.817656437251585,227.046243495194,474.166666666667,1369.83333333333,33.9567895158666,41.5228497295962,0.568067521077281,0.701973523405727,0.85393431559362
2012-07-01,457659,457246,96.2075322623124,7.3,0.3244295,0.667212485758083,0.742533480687231,0.815897101533482,192.03680344799,445.8,1364.73333333333,32.4630899172564,39.2501390702736,0.577827395229409,0.709035977332987,0.854788101221002
2012-10-01,461016,458191.5,96.2075322623124,7.4,0.2197802,0.660553891368182,0.736525710200529,0.812734049273983,279.915169635637,459.966666666667,1389.36666666667,34.0679253384201,41.670440743051,0.58921524698685,0.712347829470351,0.851888234518692
2013-01-01,469211,462301.5,96.6289175664999,7.16666666666667,0.1741099,0.665998403853412,0.738940804053886,0.814215641562909,218.720324470282,460.1,1353.46666666667,33.3041288017992,40.5110284282538,0.585564195195166,0.712713245111594,0.856806266141196
2013-04-01,471648,464984.5,97.1029760337108,7.13333333333333,0,0.659616412929652,0.734139079522682,0.811355556217439,190.438344736989,448.966666666667,1349.3,33.7970365975122,41.249639283996,0.544916514398299,0.680827148006054,0.848200345703052
2013-07-01,478107,468774,97.3136686858046,7.1,0.1082837,0.655731833139158,0.731768206361237,0.81023667939724,137.341805511123,450.4,1347.6,32.9461776906472,39.9715331701067,0.534638543123581,0.669258684225539,0.841316892287944
2013-10-01,483281,473698.8,97.1029760337108,7.13333333333333,0.0680365,0.660629395496679,0.735484579525327,0.811711101950055,177.410483982921,438.166666666667,1352.56666666667,32.0173817809905,38.6111460794292,0.533963169499625,0.666444870675076,0.837081562611143
2014-01-01,490863,474473,97.9720832235976,7.06666666666667,0,0.671811873607538,0.745946532681102,0.817562595507086,165.941169499997,430.8,1341.73333333333,33.0390176047073,40.1088310268041,0.547196234732475,0.67519253772664,0.836468902443477
2014-04-01,497101,478806.5,99.2625757176719,7.1,0.0568279,0.676336817946309,0.749181769247057,0.819909825506024,120.395444803323,447.4,1341.93333333333,33.3309102591563,40.5456258005989,0.529968830805872,0.66141337339661,0.832503086315134
2014-07-01,503448,483398.5,99.341585462207,7,0,0.675145747433654,0.750304121353412,0.822245929845555,146.315366589856,444.666666666667,1327.7,34.5023360050473,42.3223080586452,0.556062530278134,0.689745957154256,0.851037851139775
2014-10-01,503486,486743.5,98.972873321043,6.7,0.0639673,0.683181611483472,0.758755929336818,0.828172497200726,174.593903231381,425.8,1270.53333333333,34.0810746852334,41.6766725035378,0.60793179838237,0.740823426728497,0.878843368601571
2015-01-01,496075,484068.8,99.0255464840664,6.8,0.2724239,0.697622209101552,0.772456646454535,0.836752990676725,219.425610745571,434.833333333333,1291.8,32.2994866977811,39.0092647535764,0.666243707725003,0.797939309871253,0.90915351030171
2015-04-01,496230,482751.3,100.15801948907,6.9,0.1367428,0.694074944554144,0.769029545161701,0.835468134010019,188.475136133144,441.6,1316.66666666667,33.5362529687822,40.8586753304338,0.642119110365147,0.777042477041876,0.905287398533458
2015-07-01,500216,484458.8,100.526731630234,7,0.2770851,0.690357683323751,0.765879371635368,0.832697847087599,187.093669237894,454.833333333333,1340.4,33.6257975608829,40.9889748537354,0.619493909063186,0.758400626432094,0.898336362645241
2015-10-01,497920,484821.5,100.289702396629,7.06666666666667,0.0838856,0.687945807175731,0.761980334717942,0.830404259729815,156.650858126757,459.166666666667,1358.06666666667,32.6336628197179,39.5170695366676,0.63067147958219,0.763375012360922,0.894993311207532
2016-01-01,499605,487480.8,100.553068211746,7.2,0.0775014,0.698528604112051,0.767536704672223,0.831194410972744,187.053992458874,465.933333333333,1385.9,33.9278894238521,41.4766527980869,0.63458150923508,0.764655238758782,0.894825582760006
2016-04-01,500538,485083.8,101.711877798262,7.03333333333333,0.0542564,0.700584098747329,0.769656530962931,0.831452076673081,195.008783659191,448.066666666667,1351.16666666667,33.7812362937714,41.2434431153586,0.591297406431847,0.729747749089551,0.883224604933485
2016-07-01,508855,490086,101.764550961285,7,0.0731048,0.692536484822473,0.762236990158712,0.82733413549428,220.720637439686,441.966666666667,1349.13333333333,32.8124409910461,39.7750161170248,0.576078119034512,0.716394936331353,0.877992583552924
2016-10-01,516537,492837.8,101.68554121675,6.96666666666667,0.3203075,0.68150749864497,0.754152650796029,0.823235566777949,328.175660322391,447.966666666667,1349.16666666667,34.0887769557093,41.7206862780783,0.587977880714241,0.724567339883692,0.882208742781614
2017-01-01,526981,498194.5,102.475638662102,6.7,0.5198277,0.685781664043659,0.757648260542902,0.825688092886859,285.931328209336,439.1,1305.56666666667,34.4469614662683,42.2796112645766,0.585260164634324,0.719235200098719,0.875456442864009
2017-04-01,532506,503291.3,103.05504345536,6.53333333333333,0.2042067,0.677555033649054,0.752796954724798,0.825271364742501,222.743582151669,445.3,1273.1,34.9659898351903,43.0486038238034,0.577756165447044,0.713716177276244,0.87105532654144
2017-07-01,535441,505414.5,103.160389781406,6.23333333333333,0.0697204,0.677295607047282,0.752618623887252,0.825385916014059,250.914888094316,415.133333333333,1219.4,34.797693015541,42.7960304018192,0.579465457302614,0.71435124366063,0.867980791959901
2017-10-01,545713,508032.5,103.502765341059,6.06666666666667,0.1534919,0.673036726846122,0.749695229051081,0.824113472280879,214.890532718584,416.333333333333,1190.96666666667,36.3534234132804,45.2051804661704,0.577604710447217,0.711082166677415,0.865907156304829
2018-01-01,551760,512479,104.582565183039,5.93333333333333,0.1461668,0.668865916530269,0.746538972818186,0.822749120744948,386.221485548458,420.533333333333,1162.56666666667,36.548987885457,45.4987756789867,0.579930466766428,0.710633110069065,0.866969789185077
2018-04-01,560021,516502.5,105.425335791414,6,0.1433075,0.674131221283287,0.751439368325516,0.8254398665994,329.652362798698,427.8,1185.06666666667,36.3767328806077,45.2854730470445,0.57872289792067,0.7066134215043,0.863616078151782
2018-07-01,564742,520067,105.925730840137,5.9,0.2183724,0.681620632850758,0.758641345042818,0.832030818947253,307.823814045107,434.166666666667,1167,37.4924614756108,47.0206326148648,0.560403970005804,0.696039147461224,0.861074613366405
2018-10-01,559152,521839.8,105.609691861996,5.8,0.2822467,0.703069315551352,0.7775018310689,0.843204312398123,303.03100194654,437.133333333333,1148.83333333333,38.3198763306493,48.3238491902381,0.590254054791623,0.727190885779992,0.876793852637279
2019-01-01,566911,522312.8,106.268106399789,5.86666666666667,0.3398471,0.712189649923224,0.784755743232043,0.849891357264767,273.014220918494,460.2,1179.53333333333,38.4019051187722,48.4572253101682,0.606901300337864,0.743452119194832,0.885074674354587
2019-04-01,577876,527487.5,107.690281801422,5.56666666666667,0.5648805,0.723218837830096,0.79512768473763,0.858065349917471,304.106982519855,428.466666666667,1114.86666666667,39.2855154568109,49.9874634903517,0.612058106735361,0.749117591458866,0.891267215517232
2019-07-01,579788,529210.5,107.979984198051,5.73333333333333,0.2713888,0.744869579558103,0.814990610881258,0.875579841004267,364.100638725821,454.166666666667,1155.8,38.8966763829931,49.3030310477176,0.633683226806203,0.769542850348863,0.907735126760778
2019-10-01,586719,530801.8,107.821964708981,5.83333333333333,0.7080147,0.79870928142255,0.859621673580406,0.908751974031899,392.23646574313,454.433333333333,1176.9,38.4748014003098,48.597794000237,0.717206560379081,0.845827974828873,0.948008940424148
2020-01-01,567955,519350.8,108.190676850145,6.4,0.8428473,0.926709291635368,0.96544280199772,0.984202360828117,408.533266613469,598.233333333333,1282.63333333333,36.4175641635747,45.9602701870908,0.981440965257944,1.08770957073326,1.06089384280372
2020-04-01,501558,462001.3,107.716618382934,12.8666666666667,0.1380262,1.17850937047287,1.17665063791672,1.14858635752945,544.044659392664,800.166666666667,2462.63333333333,25.3721286144167,29.5588034907138,1.24660118301454,1.27866664315709,1.13587159897127
2020-07-01,558649,503507.3,108.26968659468,10.1333333333333,0.1084011,1.09881211694783,1.10285452512322,1.06004676041768,463.115473102875,498.233333333333,2033.93333333333,30.0837275865319,35.7941018575922,1.03110988526282,1.10615083242149,1.06364559710506
2020-10-01,578602,514546.3,108.664735317356,8.93333333333333,0.2009916,0.954392233970427,0.994654758560381,0.994049464647643,441.280130009997,509.233333333333,1811.93333333333,28.857728304836,34.0595670882018,0.851266919332179,0.97011848344649,1.00853025457945
2021-01-01,602677,520170,109.744535159336,8.4,0.117751,0.890391122027068,0.943360775351823,0.964026556893245,319.261871282026,482.3,1698.16666666667,30.8787320965041,37.1184576404846,0.858706255446712,0.971899265810304,1.00622980451376
2021-04-01,612204,516050,111.32473005004,7.86666666666667,0.141854,0.858121731563183,0.91639721071292,0.948873102657482,211.610736413225,447.1,1593.16666666667,30.4294344470321,36.3190354797171,0.791560501049617,0.919797540895701,0.990613558897608
2021-07-01,627826,522799,112.667895707137,7.16666666666667,0.2410607,0.833581319949944,0.897256343994451,0.937358516335639,309.224935129382,462.866666666667,1470.23333333333,33.031075104143,40.1031546909026,0.73585364239497,0.880046879782858,0.982243804895323
2021-10-01,650422,531177.3,113.800368712141,6.3,0,0.824833545289226,0.885954828220086,0.923225600472637,268.551522267919,421.366666666667,1298,35.3641961740199,43.7331154481334,0.738642674306559,0.884398384919009,0.988535589948698
2022-01-01,674784,535240.5,116.144324466684,5.76666666666667,0.3666457,0.821128488214233,0.882531505857009,0.920042599245117,278.939181268312,442.466666666667,1192.5,40.3938683522043,52.1100477600801,0.778732987341687,0.929050831620219,1.02161831994169
2022-04-01,703109,539560.5,119.726099552278,5.06666666666667,0.1222046,0.827405868387526,0.886032214812209,0.920575310831724,249.341616483319,375.333333333333,1049.03333333333,38.7903706349918,49.0908896885197,0.778156837839734,0.935539430622696,1.03150973128077
2022-07-01,NaN,541718.7,120.726889649723,5.16666666666667,0.1522881,NaN,NaN,NaN,282.827210721194,403.133333333333,1063.9,35.7331786683417,44.3959280501305,NaN,NaN,NaN
NaT,NaN,NaN,NaN,NaN,NaN,NaN,NaN,NaN,280.630931329891,387.55,1061.5,37.9448481460779,47.7146650323595,NaN,NaN,NaN
